R0,R1,C1,R2,C2,Voc_slope,Voc_intercept,Capacity_Ah,CycleIndex,Battery
0.0239438588988144,0.0001,2049.392434061272,0.0001,84.47391200300288,-0.4999999999999999,3.753126726831305,1.861951950125798,1,B0005
0.0214826565412071,0.0009815313525725,75.19957810385083,0.0004411232614046,159.26808633645493,-0.4999999999999959,3.7615489907147817,1.851834040059685,2,B0005
0.0127745050308817,0.0001000000000045,1186.3613312261589,0.0001000000000043,780.946399791955,-0.4999999999999999,3.7846032132241874,1.84079871703338,3,B0005
0.0196722588275448,0.000100000085072,1312.2456426210906,0.0001000000834255,1929.825062463761,-0.4999999999910935,3.770606599616964,1.840688492109661,4,B0005
0.0248620537252179,0.0001000000000005,280.6458073059232,0.0001000000000004,17.958215051582123,-0.4999999999999454,3.759742174363282,1.84008683771641,5,B0005
0.0284730667164713,0.0001000000013697,35.14504447439111,0.000100000001392,11.036801629772004,-0.4999999999996939,3.753661115656051,1.841099358222776,6,B0005
0.034008545352778,0.000100000007663,161.9484924478117,0.0001000000076366,106.4428523645335,-0.499999999997492,3.7431959695363344,1.8405862545426583,7,B0005
0.015735730571532,0.0015625197742349,1351.33198922596,0.0014336891776668,1431.7511642898378,-0.4999999999999999,3.7791830721111994,1.831154136617008,8,B0005
0.0265760079505842,0.0001000000001979,26.04352200731438,0.0001000000000525,1716.5623432049138,-0.4999999999999999,3.761478281482781,1.8302233813202415,9,B0005
0.031805820495999,0.0001,847.1326559337592,0.0001,1233.6944896092689,-0.4999999999998261,3.750058220504565,1.8299994933417425,10,B0005
0.04040378793803,0.0001000000000027,312.1971092943063,0.0001000000000027,95.98405166222948,-0.4999999999999999,3.7306059657837,1.8299980558998383,11,B0005
0.0232845828313126,0.0001000000001071,1238.9926511930612,0.0001000000009203,680.0634279401054,-0.4999999999999999,3.770127383685451,1.8195979721105184,12,B0005
0.0001000000040545,0.0120877375514888,28.50537350832132,0.0200619434100689,43.1329979495048,-0.4999999999999999,3.750424064041394,1.8190998479483709,13,B0005
0.0353765066741506,0.0001000000006428,173.90329813704227,0.0001000000005262,263.94152837773,-0.4999999999999999,3.741695520766683,1.8187990098955569,14,B0005
0.0143721841017259,0.0001,121.62834387235,0.0001,50.798192883086266,-0.4999999999999999,3.7868785703919294,1.8079631905409188,15,B0005
0.0001000630815864,0.0069910701949993,142.424870923229,0.0131049368476768,75.90624826895221,-0.4999999999999968,3.77348120076542,1.8074753229188163,16,B0005
0.0268748841857618,0.0001560175661634,2163.289967674673,0.000156024773347,2843.296311453582,-0.4999999999998876,3.757672156518797,1.8079745895831805,17,B0005
0.0339811623320361,0.0001002799328315,4275.219301585431,0.0001002627484696,5032.00936355846,-0.4999999999999957,3.7415484424489818,1.8084160844930317,18,B0005
0.0365691948416489,0.000100722025433,2740.547602028936,0.0001007188584132,4191.103879126749,-0.4999999999999969,3.735275949786721,1.8081314276923424,19,B0005
0.0425501738482726,0.0001,260.5195482401932,0.0001,6542.661231477528,-0.4999999999810829,3.733844911897115,1.852414369975737,20,B0005
0.0591552276914338,0.0001000000382409,3560.435289537145,0.000100000038241,3363.343926555821,-0.4999999999999949,3.699928895798309,1.852794186676616,21,B0005
0.0405003993127704,0.0001000000000577,12.707827064883986,0.0001000000000753,23.15312712983917,-0.4999999999999999,3.737788545046464,1.841570188494747,22,B0005
0.0253688999088082,0.0001,554.3579568386361,0.0001,1197.3305416529224,-0.4999999999999999,3.767788400821386,1.8311634883197176,23,B0005
0.0035306351968148,0.0012293186512878,1673.9841394292591,0.0267884353369184,77.40056030608868,-0.4999999999999999,3.753250484976817,1.8305087381422456,24,B0005
0.0428301834318377,0.0001,2991.647828378055,0.0001,2131.7269211083512,-0.4999999999999985,3.726969626211358,1.8309385444155315,25,B0005
0.018594648971983,0.0001000000175316,189.59235019780124,0.0001000000185179,39.17076751976579,-0.4999999999999988,3.778738849158877,1.8193916427413332,26,B0005
0.0325580128454556,0.000100000000027,2239.902329480066,0.0001000000000187,2921.0322504560454,-0.4999999999999999,3.746162482845457,1.820129694529988,27,B0005
0.0374797930002556,0.000100000000001,2150.813108681278,0.0001,20.68961431086915,-0.4999999999981857,3.733868611593519,1.8193301668811832,28,B0005
0.0001030537888909,0.0001223201452631,292.90946118867856,0.0150797083217703,34.0841334636526,-0.4999999999999999,3.782340473853813,1.8081079539642115,29,B0005
0.0260635765306858,0.0001000000012732,1950.1710399030712,0.0001000000009021,2246.1369477039457,-0.4999999999999999,3.756786240266526,1.809387285628278,30,B0005
0.0476856846139456,0.0001029194152897,705.8204774590337,0.0001029190427426,696.4716398582549,-0.4999999999999939,3.7237663012092823,1.854729496094291,31,B0005
0.0447856008346183,0.0001000000000113,468.6981170766899,0.0001000000000095,56.89904268285562,-0.4999999999999999,3.729381069943421,1.8336006013972383,32,B0005
0.0369103064843952,0.0001001917522001,597.5256345662154,0.000100191752646,243.9203677127553,-0.4999999999999999,3.743054968030056,1.8228280024686496,33,B0005
0.0273397379922116,0.0001001098565022,278.3171948264928,0.0001001098500012,0.100018551149617,-0.4999999999999999,3.758849380322373,1.8121752075861792,34,B0005
0.0336239535863784,0.000100000000006,227.53367128593288,0.0001000000000059,10.442903896036142,-0.4999999999999999,3.743180579524613,1.8075461949970868,35,B0005
0.027413648215936,0.0001000000093839,88.73009676682591,0.0001000000006858,558.4284912860122,-0.4999999999999999,3.757429120012209,1.8022830804899916,36,B0005
0.015586242205901,0.000159245182561,195.5525101406141,0.0001592545590525,132.2199945046239,-0.4999999999999996,3.7785049868450695,1.7913400516779023,37,B0005
0.0193567056620648,0.0001087021612411,72.63166691323126,0.0001087020709468,0.1000151312694583,-0.4999999999999998,3.767961833097433,1.785812498936708,38,B0005
0.0092534207483841,0.0001000000050685,235.68053976915493,0.0001000000068997,402.5657708878808,-0.4999999999999999,3.785998703611244,1.7759383253858907,39,B0005
0.0001000402510644,0.0011808208668378,71.52492433722507,0.0212356800902452,13.220310238699623,-0.4999999999999995,3.757262156992788,1.7759725572584446,40,B0005
0.0159948084946419,0.0001000000014292,883.4192122530574,0.0001000000012842,1110.2182395142358,-0.4999999999999999,3.772394354598023,1.7707652086120156,41,B0005
0.0001005094104991,0.0118597228459317,0.1586930663907279,0.0021158665233932,0.1664472208838817,-0.4999999999999989,3.775772511110773,1.7651926744498152,42,B0005
0.0001000037115896,0.0001000003843879,1895.2375372510191,0.0001000003843834,1603.759024276476,-0.4999999999968108,3.8015007565129473,1.7729389905657804,43,B0005
0.010185553551567,0.0001318119792149,283.8562168239192,0.0001318112119026,238.93992008098144,-0.4999999999999998,3.779908446582755,1.765592980047426,44,B0005
0.0047166789692713,0.0001000000000052,1131.91646667,0.0001000000000057,757.7201517195965,-0.4999999999999999,3.786553266856012,1.7546456675547355,45,B0005
0.0001,0.0001,446.76753779926366,0.0001,277.39746528691944,-0.49999999999882,3.794340807450681,1.74476384104258,46,B0005
0.0006619714032268,0.0001009691822669,0.1000488641615788,0.0001009692127169,636.5722089569647,-0.4999999999999999,3.790209469813557,1.7389904072039604,47,B0005
0.0520063410200999,0.0001000000003746,3624.6546375978296,0.0001000000003433,2486.9644339734323,-0.4999999999999999,3.706594156673645,1.7965097542775637,48,B0005
0.0001001360062829,0.0002867748443318,71.96128717491946,0.0293158373670601,14.324329093418667,-0.4999999999999962,3.7530146101352586,1.786079145400265,49,B0005
0.0001001725043013,0.000299645870166,176.18471604786376,0.0202413289456383,19.98665843955867,-0.4999999999999999,3.76441733779008,1.770278104593886,50,B0005
0.0001006656666617,0.0001001423594632,10.671583381850208,0.0211609468005919,26.630928537994432,-0.4999999999999984,3.757289858955276,1.7599327871687052,51,B0005
0.0001372311208209,0.0032905955475009,157.2207332408277,0.0075689190199683,72.69785408850198,-0.4999999999999999,3.7750004613529495,1.7497810237362108,52,B0005
0.0001003563812092,0.0016704784146488,317.2259011761177,0.0150689804228015,31.609720948251216,-0.4999999999999999,3.760243196028261,1.7446139779644414,53,B0005
0.0142935779381541,0.0001000000005299,201.70157184494968,0.0001000000005207,584.3890220639894,-0.4999999999999999,3.764512331608029,1.7393326447646538,54,B0005
0.0067149586089325,0.0001000000190203,188.89283489513952,0.0001000000179015,344.6076977228319,-0.4999999999999999,3.776191729606364,1.7292824780137324,55,B0005
0.0001,0.0001,377.630640729865,0.0001,360.5335989826648,-0.4999999999999999,3.787504848881802,1.718703697506366,56,B0005
0.0001,0.0001,233.6380834957069,0.0001,699.0604479458891,-0.4999999999998368,3.784685201083005,1.713426600717085,57,B0005
0.0001000000171086,0.0001000000000648,639.6507931134453,0.0001000000000648,355.8668322602164,-0.4999999999999999,3.783760833257563,1.7089586509245498,58,B0005
0.0001,0.0001,508.2476212646942,0.0001,654.3828191785174,-0.4999999999969268,3.783815732557765,1.7032212406125418,59,B0005
0.0001,0.0001,222.16320843701223,0.0001,1099.5354500833182,-0.4999999999999999,3.7801323631745927,1.6975261991679176,60,B0005
0.0001,0.0001,2016.044499445632,0.0001,1617.7655573628222,-0.4999999999999965,3.779067944353645,1.6877988764988738,61,B0005
0.0001000000000445,0.0001000000001367,12.191685157390282,0.0001000000001367,89.71285656997618,-0.4999999999985354,3.778358993972752,1.6774339986222817,62,B0005
0.0001,0.0001,2042.4507070543136,0.0001,2602.288054108986,-0.499999999999987,3.774683798885899,1.677487094102361,63,B0005
0.0001000002302557,0.0001000004636635,164.0610845209054,0.0001000004636635,216.56859557591093,-0.4999999999999999,3.7746672147087295,1.6666897993965792,64,B0005
0.0001000000000001,0.0001,791.0559310662381,0.0001,994.516700330576,-0.4999999999996004,3.7755370593442086,1.6619360867923914,65,B0005
0.0001,0.0001,753.7715192572931,0.0001,1020.797680553636,-0.4999999999999998,3.7692571420434886,1.6568213404083498,66,B0005
0.0001000000000079,0.0001000000000433,1535.597023528716,0.0001000000000433,1594.6785238041673,-0.4999999999732488,3.769009688962854,1.6456121585729522,67,B0005
0.0001000000000088,0.0001000000000007,513.750743992656,0.0001000000000007,80.19155067475587,-0.4999999999999999,3.7652835670977183,1.6408150096745229,68,B0005
0.0001000000000023,0.0001000000000199,1598.738466161914,0.0001000000000199,1172.8389432147424,-0.499999999995107,3.764801577029153,1.6356937368696514,69,B0005
0.000100000000006,0.0001000000000447,1314.267760144645,0.0001000000000447,1281.5082683386129,-0.4999999999821744,3.76193350618628,1.630701250544928,70,B0005
0.0001000000000043,0.000100000000034,1121.947435231481,0.000100000000034,1248.3389961032185,-0.4999999999882985,3.7587244347520143,1.6250485025889965,71,B0005
0.000100000027757,0.0001000000368683,150.31051726254614,0.0001000000368684,298.70745430772894,-0.4999999999999997,3.7609207727297034,1.6142996998142431,72,B0005
0.0001,0.0001,207.20195569979356,0.0001,38.955418402331816,-0.4999999999999999,3.757129352070233,1.6094799144091874,73,B0005
0.0001000000000535,0.0001000000000693,25.3876887182462,0.0001000000000693,229.94460959641177,-0.4999999999999999,3.7535641700811433,1.6044824382428684,74,B0005
0.0001000000000001,0.0001000000000218,988.0770046348492,0.0001000000000218,1072.985729543486,-0.4999999999999414,3.7546842164957126,1.5933626329738977,75,B0005
0.0001000000000063,0.0001000000000006,502.6752170058374,0.0001000000000006,471.8459381408812,-0.4999999999999103,3.7512489409163616,1.5887612599653969,76,B0005
0.0001000000000004,0.000100000000113,223.4075537953034,0.0001000000001129,528.5694078214873,-0.4999999999994677,3.7478835442359135,1.5878792582768275,77,B0005
0.0001000000000001,0.0001000000000002,1407.606950030418,0.0001000000000002,2182.742658316521,-0.4999999999999999,3.7538298202279945,1.5984436551475647,78,B0005
0.0001,0.0001,1050.6713069203893,0.0001,1073.8923299462126,-0.4999999999999999,3.747618187220757,1.5776970242898862,79,B0005
0.0001000000000088,0.0001000000000002,1185.0489728995103,0.0001000000000002,1957.817687098752,-0.4999999999999855,3.7439706084793047,1.5678558785764944,80,B0005
0.0001000000000016,0.0001,1400.8584362481322,0.0001,1673.7627456046157,-0.4999999999999987,3.742388051501704,1.5627662615784157,81,B0005
0.0001000000001122,0.0001000000000057,1016.6709253495328,0.0001000000000057,881.9353150766999,-0.4999999999994736,3.740906665283021,1.562483823924181,82,B0005
0.0001000000000644,0.0001000000000028,1073.6891684809104,0.0001000000000028,901.0263407217346,-0.499999999999815,3.7414420115633527,1.5577299054892937,83,B0005
0.0001000000000071,0.0001000000000002,867.08090573931,0.0001000000000002,723.6012954314322,-0.499999999999998,3.7377079305096688,1.5518456800307168,84,B0005
0.0001,0.0001,1569.6177724224945,0.0001,1246.9469116409705,-0.4999999999999999,3.7361998700162378,1.5412008727891533,85,B0005
0.0001,0.0001,2955.743805002432,0.0001,2880.870998530731,-0.4999999999999999,3.733873634035661,1.5308910958433246,86,B0005
0.0001000007162866,0.0001000000590719,1881.5061176591955,0.0001000000590726,1803.1920026140372,-0.4999999999998026,3.7312319333803017,1.531521730568323,87,B0005
0.0001,0.0001000000000005,1052.9284137439226,0.0001000000000005,596.4469052230992,-0.4999999999999999,3.73529780449071,1.5256735972942972,88,B0005
0.0001,0.0001000000000004,1085.6082291007694,0.0001000000000004,1342.3775592590775,-0.4999999999999999,3.733901535994457,1.520518780552527,89,B0005
0.0001000000000934,0.0001000000000047,1066.0807221407513,0.0001000000000047,1189.2872099203005,-0.4999999999994873,3.7561738231023054,1.6087958948626968,90,B0005
0.0001,0.0001,4420.61229032721,0.0001,2491.420290300107,-0.4999999999999783,3.7434889279042576,1.566831455080926,91,B0005
0.0001,0.000100000000001,449.5569866640034,0.000100000000001,635.0326953294438,-0.4999999999999994,3.739554655967195,1.551078095716847,92,B0005
0.0001,0.0001,1530.3487688463013,0.0001,1590.7215331872928,-0.4999999999999999,3.7402688690403383,1.5353797608257531,93,B0005
0.0001000000000017,0.0001000000000005,1144.7476406076626,0.0001000000000005,1139.0262176071417,-0.4999999999999999,3.732714464845316,1.5299541313094065,94,B0005
0.0001000000000001,0.0001,2617.9514845217323,0.0001,2175.4175508380004,-0.4999999999999999,3.732786627725194,1.5199886634841142,95,B0005
0.0001000013192249,0.0001000003676262,1611.838903841722,0.0001000003676252,1946.072819323552,-0.4999999999997446,3.72974245559705,1.514904842785781,96,B0005
0.0001,0.0001000000000001,784.8063041702696,0.0001000000000001,956.7103898786283,-0.4999999999999999,3.728855468663044,1.50957873869586,97,B0005
0.0001,0.0001,892.361893101251,0.0001,642.7423778581799,-0.4999999999999999,3.725792594288913,1.5045733969712245,98,B0005
0.0001000000000003,0.0001000000000003,108.33434137352316,0.0001000000000003,220.34023752089195,-0.4999999999999999,3.727879111046904,1.4938814272503662,99,B0005
0.0001000000000033,0.0001000000000036,206.3986734336181,0.0001000000000036,84.6515509576451,-0.4999999999999999,3.7269037238726535,1.488911959575444,100,B0005
0.0001000000000029,0.0001000000000032,840.8019849097973,0.0001000000000032,539.9584653329416,-0.4999999999999999,3.724484065252714,1.4834122663718423,101,B0005
0.0001000000000107,0.0001000000000115,118.11705533013188,0.0001000000000115,300.7996865142957,-0.4999999999999999,3.7226924140896536,1.4782182274018598,102,B0005
0.0001,0.0001,724.467869000491,0.0001,130.58796908309813,-0.4999999999999999,3.7187206045092007,1.4889239809323591,103,B0005
0.000100000000001,0.0001,173.0678059897347,0.0001,335.0109900500964,-0.4999999999988202,3.7279744404581976,1.4991132128309856,104,B0005
0.0001,0.0001,851.4832004208432,0.0001,704.535864664844,-0.4999999999999999,3.721265387199099,1.483824238543768,105,B0005
0.0001000000000928,0.0001000000000944,7.575754425421223,0.0001000000000944,716.7699255761672,-0.4999999999999999,3.7204888459437737,1.4727430412462983,106,B0005
0.0001000000001679,0.0001000000001674,262.04844024878645,0.0001000000001674,15.318028252654898,-0.4999999999999999,3.713319654496239,1.456956044963203,107,B0005
0.0001000000686752,0.0001000001517901,400.2679772283998,0.0001000001517898,18.476302824153905,-0.499999999999918,3.71697892939009,1.457186850251161,108,B0005
0.0001000005916406,0.0001000004935495,193.561399161234,0.0001000004935488,210.19996611643649,-0.4999999999996292,3.713504101507987,1.4580552188409053,109,B0005
0.0001000000000001,0.0001000000000005,61.73821728918914,0.0001000000000005,93.33983764618904,-0.4999999999999976,3.713059686781277,1.4520907951287794,110,B0005
0.0001000000010198,0.0001000000126467,1829.039443690238,0.0001000000126467,1516.4405371547352,-0.499999999999738,3.713900502252767,1.4416736828017829,111,B0005
0.0001,0.0001000000000419,187.07263388031225,0.0001000000000419,15.21878831973889,-0.49999999999355,3.711232331082867,1.4364866182882816,112,B0005
0.0001,0.0001,81.74152684558776,0.0001,2462.7131107298856,-0.4999999999999999,3.708384666507952,1.4364290083124147,113,B0005
0.0001,0.0001000000000004,1116.4024201244376,0.0001000000000004,1559.854329441113,-0.4999999999999999,3.710865455094696,1.43107389514842,114,B0005
0.0001,0.0001,182.23555152756265,0.0001,115.6224952313105,-0.4999999999999999,3.708918881955102,1.4259360392023823,115,B0005
0.0001,0.0001,109.09745300435657,0.0001,550.4156136737863,-0.4999999999999999,3.7051067218085785,1.4204462949217047,116,B0005
0.0001,0.0001,10.675679378606418,0.0001,140.25639458270183,-0.4999999999999999,3.702168623802694,1.4154703570244973,117,B0005
0.0001,0.0001000000000007,181.1276538789048,0.0001000000000007,104.65686889202868,-0.4999999999433233,3.7006278906614063,1.415633114911345,118,B0005
0.000100000000007,0.0001000000001628,4715.184736790808,0.0001000000001628,4543.460197770107,-0.499999999999891,3.7051258869684016,1.4106769846884797,119,B0005
0.000100000000021,0.0001000000007546,385.91760103502,0.0001000000007546,99.74089213799242,-0.4999999999999592,3.7066086322230873,1.4364461665584916,120,B0005
0.0001000000000005,0.0001000000000005,145.2962746748876,0.0001000000000005,62.659563856848905,-0.4999999999999999,3.7112541741287135,1.4412952152996088,121,B0005
0.0001,0.0001000000000041,29.64305926003331,0.0001000000000041,701.6170521682031,-0.4999999999999999,3.707850488197768,1.4203868619139048,122,B0005
0.0001000000000021,0.0001000000000505,3983.393354217971,0.0001000000000505,3610.09028116574,-0.4999999999999901,3.704633647636092,1.4100106812271782,123,B0005
0.0001000000000002,0.0001000000000033,3375.602858667549,0.0001000000000033,3737.856487032559,-0.4999999999999996,3.700804672934935,1.4042264479658144,124,B0005
0.0001000000065685,0.0001000000124699,230.85008315998107,0.0001000000124699,753.7783892552472,-0.4999999999999028,3.69908374868321,1.3997633708258226,125,B0005
0.0001,0.0001,5188.078296443739,0.0001,4738.476840256772,-0.4999999999999999,3.696471088241848,1.3943184563002686,126,B0005
0.0001,0.0001,176.49934011029853,0.0001,793.578987086135,-0.4999999999999999,3.694591415219481,1.3892308948254255,127,B0005
0.0001,0.0001,693.2053579487483,0.0001,196.09587530497157,-0.4999999999999999,3.6936296125916903,1.3834518450369386,128,B0005
0.0001000000000014,0.0001000000000325,1115.8374992950155,0.0001000000000325,1317.2662281799223,-0.4999999999999998,3.693338908049053,1.3782684269540966,129,B0005
0.0001000000000001,0.0001000000000049,2773.8147243107765,0.0001000000000049,3528.241054459913,-0.4999999999999818,3.689261279191097,1.373532309561438,130,B0005
0.0001,0.0001,3032.725587477241,0.0001,2881.640451243876,-0.4999999999999997,3.687529766303304,1.3735327311597758,131,B0005
0.0001000000000004,0.0001000000000625,1197.5228394394655,0.0001000000000625,1471.67786349424,-0.4999999999999721,3.687375203228925,1.3677444433780943,132,B0005
0.0001000000000623,0.000100000000117,592.0722434376146,0.000100000000117,190.8009209415178,-0.4999999999999999,3.69227393955472,1.3784217886487131,133,B0005
0.0001000000012188,0.0001000000059768,234.65929029059205,0.0001000000059768,40.953910092115024,-0.4999999999999955,3.6993900337673096,1.389112693284878,134,B0005
0.0001,0.0001000000000005,564.1860824033023,0.0001000000000005,2728.362057552153,-0.4999999999999999,3.69533971381906,1.372876297695541,135,B0005
0.0001000000000003,0.0001000000000016,468.207405136469,0.0001000000000016,371.2663323665597,-0.4999999999999999,3.687597444119673,1.3677722711372509,136,B0005
0.0001,0.0001000000005786,2037.0734023148443,0.0001000000005785,2104.4447953380013,-0.4999999999999362,3.6891625894035647,1.3573487873323848,137,B0005
0.000100000000002,0.000100000000022,552.7958651911167,0.000100000000022,47.814653762856295,-0.4999999999999998,3.688299900475107,1.357685765765992,138,B0005
0.0001,0.0001000000000004,3124.142578896089,0.0001000000000004,3508.298547183199,-0.4999999999999999,3.6860646585647303,1.357732911221085,139,B0005
0.0001000000000417,0.0001000000004461,288.486586483743,0.0001000000004461,238.70380695026387,-0.4999999999999951,3.683777957229512,1.352344754446474,140,B0005
0.0001000000004824,0.0001000000000311,240.397372731346,0.0001000000000311,108.9714100682932,-0.4999999998961325,3.679913720900852,1.3472182818356904,141,B0005
0.0001000000000002,0.0001000000000217,1775.2551617401166,0.0001000000000217,1060.512302276425,-0.4999999999999981,3.678912794140219,1.3420552182990924,142,B0005
0.0001,0.0001000000000026,917.0150140906331,0.0001000000000026,1097.5902084966388,-0.4999999999999792,3.679701166355024,1.341924065179111,143,B0005
0.0001,0.0001000000000002,677.2660823666323,0.0001000000000002,692.197291187131,-0.4999999999999999,3.681073416422216,1.3370216786823097,144,B0005
0.0001,0.0001,448.5726049768915,0.0001,661.8116015085347,-0.4999999999999999,3.6776610981611424,1.3316773779036628,145,B0005
0.0001,0.0001000000000032,758.8822535617257,0.0001000000000032,1037.3965321297271,-0.4999999999999995,3.67599262481656,1.3262466603920795,146,B0005
0.0001,0.0001000000000118,328.4287174130565,0.0001000000000118,799.3997207129013,-0.4999999999999998,3.677068853026973,1.3212629409075132,147,B0005
0.0001,0.0001000000000172,1188.3686387301825,0.0001000000000172,727.8614418212607,-0.4999999999999998,3.678279846821497,1.3215880284336623,148,B0005
0.0001,0.0001,3254.856079322126,0.0001,2901.259185416264,-0.4999999999999999,3.674097926284172,1.3213681842595952,149,B0005
0.0001000000000015,0.0001000000000208,1603.0204433640597,0.0001000000000208,788.1088776185281,-0.4999999999999998,3.672225867488751,1.3269146528010929,150,B0005
0.0001,0.0001000000000003,2391.897577447082,0.0001000000000003,2985.358054471254,-0.4999999999999999,3.684392639028931,1.363124549025367,151,B0005
0.0001,0.0001000000000005,463.9288089931212,0.0001000000000005,168.20574975271188,-0.4999999999999999,3.6817032153233433,1.3426278162092735,152,B0005
0.0001,0.0001,327.7220129503064,0.0001,104.1784088993341,-0.4999999999999999,3.680704826845396,1.3320815777870083,153,B0005
0.0001,0.0001000000000004,1132.786965704973,0.0001000000000004,697.8377536826142,-0.4999999999999999,3.679301901624533,1.3267441995876106,154,B0005
0.0001000000000001,0.0001000000003078,2614.5061057771377,0.0001000000003078,2631.2218113474432,-0.4999999999998836,3.6762348536136655,1.3216985608757792,155,B0005
0.0001,0.000100000000029,456.0293918807543,0.000100000000029,1175.9200155662174,-0.4999999999999996,3.676710148928248,1.316519844340002,156,B0005
0.0001,0.000100000000002,726.0862192707312,0.000100000000002,696.0108876430763,-0.4999999999999996,3.672826491684575,1.3162512877272114,157,B0005
0.0001,0.0001000000000792,1055.646074660474,0.0001000000000792,874.3462236413168,-0.4999999999999993,3.672979571409558,1.310884437942856,158,B0005
0.0001,0.000100000000001,190.26917803938744,0.000100000000001,981.8686264961668,-0.4999999999999999,3.673094631676603,1.3061443711032883,159,B0005
0.0001,0.0001000000001707,823.3886788255163,0.0001000000001707,986.33933772127,-0.4999999999999989,3.67046775812322,1.3064088271479646,160,B0005
0.0001,0.0001,1695.0854037255845,0.0001,2265.1067455121656,-0.4999999999999999,3.6666665439219455,1.3064910023219722,161,B0005
0.0001,0.0001000000000682,806.2212765788571,0.0001000000000682,1274.2314767605174,-0.4999999999999994,3.6694372291141866,1.3009743020280475,162,B0005
0.0001,0.0001000000001161,1214.0533097593054,0.0001000000001161,1331.5611752744285,-0.4999999999999592,3.6656339468697774,1.301230579326312,163,B0005
0.0001,0.0001000000000395,245.6418862413913,0.0001000000000395,876.5482416316688,-0.4999999999999995,3.6673771522749576,1.2965961647852116,164,B0005
0.0001,0.0001,2453.007363935523,0.0001,1911.6782475002733,-0.4999999999999999,3.669211711087549,1.2911109919997852,165,B0005
0.0001,0.0001,2758.819072642219,0.0001,2757.0689820407074,-0.4999999999999999,3.667431930996493,1.290517698532031,166,B0005
0.0001000000000848,0.0001000000009447,13.490727752811011,0.0001000000009447,72.23616120466332,-0.4999999999999829,3.673165224816661,1.3120709197993343,167,B0005
0.000100000000005,0.0001000000000629,1503.751725433806,0.0001000000000629,1662.586614802362,-0.4999999999999885,3.679267949115941,1.328141194467203,168,B0005
0.0001000000000005,0.0001000000000217,3181.1377654791827,0.0001000000000217,3678.394931409429,-0.4999999999811915,3.800708926982174,2.0519781081265385,1,B0006
0.0001000000000738,0.0001000000003483,2603.5364261016034,0.0001000000003483,2322.842577484159,-0.4999999999902762,3.804030808392348,2.0418712670544346,2,B0006
0.0001000000000002,0.0001000000000011,3058.6391056957164,0.0001000000000011,3425.9811437193875,-0.4999999999943629,3.80799815531926,2.0300171043084827,3,B0006
0.0001,0.0001000000000003,2990.654554499244,0.0001000000000003,3178.243968043874,-0.4999999999978882,3.80872576423358,2.018580085948515,4,B0006
0.0001000000010752,0.0001000000002238,2630.870032161351,0.000100000000224,2321.5439624150567,-0.49999999999857,3.8037791558231695,2.017221851016285,5,B0006
0.0001000000000006,0.000100000000016,3144.3457791511914,0.0001000000000159,3541.1420889332726,-0.4999999999823563,3.814777693197204,2.030566344659148,6,B0006
0.0001000000005728,0.0001000000002646,2315.135424775216,0.0001000000002647,2735.472172779896,-0.4999999999996435,3.812263401647928,2.029737048901392,7,B0006
0.000100000000059,0.0001000000010903,2710.0179859758323,0.0001000000010904,2666.0957772665174,-0.4999999999948273,3.804285234214929,1.98541870506306,8,B0006
0.0001000000000006,0.0001000000000286,3458.1091125720613,0.0001000000000272,3058.932912826651,-0.4999999999752207,3.8040021916683657,1.973423880817501,9,B0006
0.0001000000000881,0.0001000000002567,261.77762192315936,0.0001000000002567,209.352383525394,-0.4999999999997157,3.798118873541653,1.973788625957033,10,B0006
0.0001,0.0001,2636.2340586864048,0.0001,1931.3158260654973,-0.4999999999999999,3.8001220699942535,1.9621285330511888,11,B0006
0.0001000000000849,0.0001000000029205,2926.807356589835,0.0001000000029206,2767.8754967621435,-0.4999999999964582,3.79956932016587,1.9400247117914988,12,B0006
0.0001,0.0001,3586.612478504362,0.0001,3941.75066421671,-0.4999999999269521,3.798779921358925,1.9285530775165485,13,B0006
0.0001000000002882,0.0001000000001868,2358.3601583216773,0.0001000000001869,2167.990434537061,-0.4999999999997086,3.795418368634092,1.9284185709185575,14,B0006
0.0001,0.0001,2914.372773987895,0.0001,3160.408825391973,-0.4999999999917608,3.789505209736095,1.9175899796298983,15,B0006
0.0001000000010524,0.0001000000017803,166.7475621133279,0.0001000000017802,21.257054534578195,-0.4999999999644817,3.7847936488106977,1.90573823417132,16,B0006
0.0001000000000079,0.0001000000000076,2702.159147611077,0.0001000000000076,2308.2332354982664,-0.4999999999998822,3.7885123792939934,1.8947189407468172,17,B0006
0.0001000000000313,0.0001000000000868,280.0401703182737,0.0001000000000868,87.51087662042032,-0.4999999999978445,3.783627979863915,1.8840273120718372,18,B0006
0.0001000007013565,0.0001000002525108,1045.776415193253,0.000100000252515,323.99243280838243,-0.4999999999998349,3.782444305843109,1.8728747383868771,19,B0006
0.0001,0.0001,3877.192055093075,0.0001,3711.247530047776,-0.4999999999998407,3.803232475617912,1.9962155239766788,20,B0006
0.0001000000000004,0.0001000000000189,3526.244325399996,0.0001000000000189,3538.868899122097,-0.499999999984079,3.80559944133492,1.9742290079405649,21,B0006
0.0001000000140626,0.000100000006491,2767.7619908006445,0.0001000000064904,2431.0249318422657,-0.4999999999799253,3.8002141635563422,1.9623767500160616,22,B0006
0.0001000000000158,0.0001000000001727,2623.6593832314447,0.0001000000001727,2586.93578162427,-0.4999999999974591,3.797749601818164,1.9408946892884764,23,B0006
0.000100000000022,0.0001000000003028,2391.3399344622994,0.0001000000003028,2653.556676899694,-0.4999999999976694,3.803183470163924,1.9512435907473284,24,B0006
0.0001,0.0001,3226.8677175473645,0.0001,3862.235541671476,-0.4999999999999999,3.793612646055395,1.9066881682896264,25,B0006
0.0001,0.0001,2666.1007613652864,0.0001,2389.2148904828014,-0.4999999999977577,3.779605686460768,1.8951667503040188,26,B0006
0.0001000009312697,0.0001000001960909,698.6650666286382,0.0001000001960835,357.0602068484194,-0.4999999999998767,3.781817775235724,1.884794846926784,27,B0006
0.0103382427604557,0.0001001708892238,359.43965322821134,0.0001001709351799,0.1000143384649163,-0.4999999999999999,3.755879422947957,1.8724117016983173,28,B0006
0.0434378823303272,0.0001000000000104,4146.456595705078,0.0001000000000103,3420.379180199776,-0.4999999999999999,3.687254564549764,1.8505312325915884,29,B0006
0.0001,0.0001,1366.4077509833207,0.0001,1731.397283969166,-0.4999999999308284,3.77871137447678,1.8737175764352936,30,B0006
0.0001,0.0001,2592.022864003591,0.0001,2244.4702087886917,-0.4999999999999999,3.789933836654333,1.9331123813313036,31,B0006
0.0087679067967273,0.0001011876087185,1803.672829806119,0.0001011876955988,3302.4696012559025,-0.4999999999999999,3.766741462353453,1.8904733756132892,32,B0006
0.0695426596877049,0.0001000000000002,536.2015215803989,0.0001000000000002,200.28854503170788,-0.4999999999999999,3.636898850186274,1.868829450064171,33,B0006
0.0876305824717701,0.0001000000084667,106.71566550857628,0.0001000000084666,165.73421898368272,-0.4999999999999999,3.5945630293404647,1.8527708238517413,34,B0006
0.1019573398465999,0.0001000000005154,718.5592018061877,0.0001000000007975,49.83819828457668,-0.4999999999999908,3.5576658610916243,1.8320230283744268,35,B0006
0.1021052120480698,0.0001000000001262,85.66606598372144,0.0001000000001262,24.64716334241623,-0.4999999999999999,3.5582280793636007,1.8270383247979012,36,B0006
0.0936498729510163,0.0001,50.33963436071045,0.0001,134.256825785059,-0.4999999999997759,3.569802807294874,1.810645342960527,37,B0006
0.09340891648973,0.0001,247.13943100621003,0.0001,35.38224762638939,-0.4999999999999989,3.5637037122009594,1.7945504955319482,38,B0006
0.0873672131937873,0.0001,78.53629830112888,0.0001,19.79350873928848,-0.4999999999999703,3.571335929829598,1.7846019821641796,39,B0006
0.0800191828078554,0.0001000000000021,633.0955582788063,0.0001000000000021,1291.7954831576058,-0.4999999999999999,3.5841061507100744,1.7738621765827405,40,B0006
0.0722942606307811,0.0001000000025955,661.1447006144931,0.000100000002623,4210.582176505595,-0.499999999999998,3.5997516127160574,1.7637145573048336,41,B0006
0.0746511817508641,0.0001000000010922,3740.559842339624,0.0001000000011499,3417.8364572077926,-0.4999999999999991,3.59042789273867,1.7528820236510314,42,B0006
0.0445439251501562,0.0001000001361998,506.6103796981148,0.0001000001396426,375.4782831984773,-0.4999999999999577,3.646004898230789,1.7709771149829616,43,B0006
0.0749759486535114,0.0001,458.9624476609117,0.0001,71.87878329357179,-0.4999999999996774,3.5943360929200487,1.7794744081559897,44,B0006
0.0593423911060776,0.0001000000119266,116.25438661204964,0.0001000000118633,135.541149758156,-0.4999999999999225,3.614264140126625,1.7471974072113323,45,B0006
0.0506760871658273,0.0001000018360398,1109.6916974332344,0.0001000018360292,794.676082071797,-0.4999999999999878,3.625202928192088,1.7267233568721625,46,B0006
0.0461138083936727,0.0001000000077457,702.5355150501262,0.0001000000031169,88.21527479196817,-0.4999999999999998,3.629786131044104,1.7157899192601993,47,B0006
0.0482556069407265,0.0001000000003579,471.9224483817418,0.0001000000003579,473.52355508671934,-0.4999999999999999,3.667904851472069,1.837140800212269,48,B0006
0.093775292218326,0.0001000000000003,1409.548337983477,0.0001000000000003,14.80147470385684,-0.4999999999999855,3.573068543252258,1.821714321139984,49,B0006
0.0939857444790552,0.0001000000000017,288.4295382657366,0.0001000000000017,12.913553783425751,-0.4999999999999999,3.5608030554080985,1.789291924342472,50,B0006
0.0883653073851656,0.0001000182897932,284.8582479310488,0.0001000182904346,472.9262922719939,-0.4999999999999999,3.560443372095891,1.7581023234773705,51,B0006
0.0646034503155136,0.0001,1355.6491704911316,0.0001,3661.742883125419,-0.4999999999999999,3.604101004562026,1.7426098653438638,52,B0006
0.057917907792235,0.0001000000000923,683.1027462612624,0.0001000000000683,183.7661500292573,-0.4999999999999999,3.610763181019205,1.7215121961154376,53,B0006
0.0544553916975064,0.000100157127618,312.6115417029555,0.0001001571273938,9.741875303751623,-0.4999999999998283,3.614168376259093,1.7109769242799555,54,B0006
0.0409196126783451,0.0001000000024713,627.7359167472251,0.0001000000030137,286.8315495737903,-0.4999999999999998,3.635014613399652,1.6955440841326477,55,B0006
0.0351707932951293,0.000100000000012,142.36791495102628,0.000100000000011,228.7423895184744,-0.4999999999999999,3.640992956126257,1.6849097756514386,56,B0006
0.0350212705715567,0.0001003081638573,90.57278078659344,0.0001003081632083,0.1000006935004282,-0.4999999999999847,3.634346910950674,1.6742345320793135,57,B0006
0.0324736317802242,0.0004827105678197,36.8587332111176,0.0004812355286523,36.46247963263097,-0.4999999999999819,3.633280972462516,1.6646951820722304,58,B0006
0.0233370118876227,0.0001000000388257,10.758518111480557,0.000100000015668,67.95904115651366,-0.4999999999999997,3.652061905553802,1.653604916197159,59,B0006
0.0001325407860939,0.0067277429264589,49.925100162557946,0.010002348324967,51.85094978624013,-0.4999999999999999,3.6595758200070585,1.6426682094040856,60,B0006
0.0031363857872455,0.0001171051509927,0.100007251970382,0.0001171053558282,41.93460341915036,-0.4999999999999821,3.680686728378965,1.6223784982202505,61,B0006
0.0061973294163039,0.0001000000003168,510.5797502579011,0.0001000000006161,75.93719367135476,-0.4999999999999999,3.66640826852068,1.6170492844368285,62,B0006
0.0038816570035444,0.0001,235.8211000373204,0.0001,168.58992705631448,-0.4999999999999999,3.670343422147927,1.6124970377323613,63,B0006
0.0001000000000008,0.0001000000000004,2211.7791070203943,0.0001000000000004,2158.1386526028627,-0.4999999999988219,3.673066374665618,1.6011511266668104,64,B0006
0.0001,0.0001000000000001,17.5155356019591,0.0001000000000001,386.83495102432494,-0.4999999999999953,3.675387800450849,1.596438598845488,65,B0006
0.0001000000000444,0.0001000000000282,244.4798984325206,0.0001000000000282,296.3149343409534,-0.4999999999999999,3.6656120430178976,1.5806675167220712,66,B0006
0.0001000000000097,0.0001000000000074,482.6210195513327,0.0001000000000074,805.8874073270557,-0.4999999999999999,3.662560260409108,1.5748688017464514,67,B0006
0.0001000002013905,0.0001000001772188,506.2110943875442,0.0001000001772188,319.77478582950846,-0.4999999999999997,3.6612088710545576,1.5647524037683271,68,B0006
0.0001000004295216,0.0001000003661932,484.5306309520064,0.0001000003661932,65.42225859397477,-0.4999999999999999,3.656387509679724,1.5595485907537283,69,B0006
0.0001,0.0001,1780.441219870815,0.0001,112.45719095367484,-0.4999999999999999,3.651200446749096,1.5441878165541127,70,B0006
0.0001000000000028,0.0001000000000421,2206.900502918489,0.0001000000000421,2012.5394448399804,-0.4999999999996001,3.6538313934474815,1.5437305229520757,71,B0006
0.000100000169593,0.0001000001075452,214.29710838895943,0.0001000001075445,66.61513018269557,-0.4999999999999673,3.649828234477415,1.538259918891674,72,B0006
0.0001000000000101,0.0001000000000108,472.8006964567562,0.0001000000000108,22.235675106303205,-0.4999999999999999,3.6515091554459302,1.5281442863201555,73,B0006
0.0001000000000187,0.0001000000000201,220.5824230367936,0.0001000000000201,866.1599414979839,-0.4999999999999999,3.64720434902614,1.5229034733922606,74,B0006
0.000100000000009,0.0001000000000098,251.25402764930504,0.0001000000000098,320.48592131691686,-0.4999999999999999,3.642639295715328,1.5175794597013,75,B0006
0.0001000000003587,0.0001000000015271,167.56071755843843,0.0001000000015271,29.866332404706817,-0.499999999999997,3.642560347546193,1.5070493116358477,76,B0006
0.0001000000000003,0.0001000000000006,1212.2005987729333,0.0001000000000006,42.28458744075283,-0.4999999999999999,3.63666510836401,1.5064330636236287,77,B0006
0.0001000000478067,0.0001000000490896,72.70953164814574,0.0001000000490896,211.3599279685695,-0.4999999999999999,3.649210120513529,1.5489962508116393,78,B0006
0.0001,0.0001,22.89162554898616,0.0001,47.97849957855493,-0.4999999999999999,3.6411551040783823,1.5176405465356593,79,B0006
0.0001,0.0001,240.06067774624745,0.0001,52.13602981624069,-0.4999999999999999,3.6320882367323097,1.5075371997385068,80,B0006
0.000100000000093,0.0001,37.14455408119664,0.0001,151.701873655876,-0.4999999999993875,3.6351160829424223,1.4918294499390523,81,B0006
0.0001000007586372,0.0001000005433323,488.25797827676456,0.0001000005433312,184.59279369535628,-0.499999999999891,3.635296403747841,1.4920976377600674,82,B0006
0.0001,0.0001,312.6600893041077,0.0001,639.8229188586856,-0.4999999999999999,3.6357620102577295,1.4868518236483983,83,B0006
0.0001,0.0001,215.0892531101036,0.0001,837.886937370492,-0.4999999999999999,3.630438046643915,1.48110237312027,84,B0006
0.0001,0.0001,210.4753508716317,0.0001,44.08144064026863,-0.4999999999999999,3.62423771228363,1.4705025662927205,85,B0006
0.0001000000000013,0.0001000000000023,46.89906422184828,0.0001000000000023,1017.7136844571754,-0.4999999999999999,3.621874204044156,1.4655201202685286,86,B0006
0.0001,0.0001,6663.038020877441,0.0001,6554.070124913074,-0.4999999999999989,3.6263062080895407,1.460787451849057,87,B0006
0.0001000000000257,0.000100000000025,257.93855902958813,0.000100000000025,156.33310893686576,-0.4999999999999996,3.6249423607703353,1.46055413296155,88,B0006
0.0001000000000009,0.0001000000000021,53.65809938106424,0.0001000000000021,361.32845630105646,-0.4999999999999999,3.6255083827565766,1.455221520772107,89,B0006
0.0001000000000001,0.0001000000000034,123.22084634594265,0.0001000000000034,137.99520494505813,-0.4999999999999896,3.662702694911368,1.6071335458191485,90,B0006
0.000100000000449,0.000100000000516,214.39684405176965,0.000100000000516,196.94455245976255,-0.4999999999999999,3.653758761500943,1.5598473929452676,91,B0006
0.0001,0.0001,552.1446973004611,0.0001,757.6071468974108,-0.4999999999999998,3.6443546073208393,1.528236891165459,92,B0006
0.0001000000124741,0.0001000000203029,398.1210120762185,0.0001000000203029,160.18620603377883,-0.4999999999998658,3.637581576530239,1.5125006812443114,93,B0006
0.0001000000000074,0.0001000000000171,147.09689013555163,0.0001000000000171,102.52528258586352,-0.4999999999999999,3.635086372401022,1.4966730447316563,94,B0006
0.0001,0.0001,439.9839596964724,0.0001,520.7863733762197,-0.4999999999999999,3.62884198675244,1.486634484351638,95,B0006
0.0001000000000009,0.0001000000003338,93.86239335129812,0.0001000000003338,283.4201256583056,-0.4999999999997681,3.628356004409172,1.476353624168488,96,B0006
0.0001000000000002,0.0001000000000048,210.92486785363155,0.0001000000000048,286.0983663380374,-0.4999999999999996,3.624274504107498,1.470677104477166,97,B0006
0.0001,0.0001,1540.0616448031162,0.0001,634.7878782254091,-0.4999999999999999,3.6221179288848577,1.4604925117278158,98,B0006
0.0001000000000142,0.0001000000000128,225.8877686239376,0.0001000000000128,34.723919119458344,-0.4999999999999998,3.6211731516244168,1.4549852820116471,99,B0006
0.0001000000050626,0.0001000000020101,115.33030250538724,0.0001000000020101,119.22108156920038,-0.4999999999999988,3.618748024887103,1.450020392372788,100,B0006
0.0001,0.0001,2350.7344100594837,0.0001,2922.4560468192262,-0.4999999999999999,3.616070103297716,1.444851906123039,101,B0006
0.0001,0.0001,764.8618632856418,0.0001,129.10654783718172,-0.4999999999999999,3.6174978173727377,1.4340556958224142,102,B0006
0.0001000000074669,0.0001000000322048,2470.9240108270656,0.0001000000322048,2441.429929119791,-0.4999999999994009,3.615510161077665,1.439531435769052,103,B0006
0.0001000000000002,0.000100000000002,345.6414941135293,0.000100000000002,33.100888877911274,-0.4999999999999999,3.630265605858353,1.4658185968583923,104,B0006
0.0001000000000851,0.0001000000000554,239.54595003185304,0.0001000000000554,154.23456539201482,-0.4999999999999354,3.623196184312383,1.445169141420849,105,B0006
0.0001,0.0001,274.27774872435776,0.0001,1175.6854425571928,-0.4999999999999999,3.614299103404461,1.43386873923012,106,B0006
0.0001,0.0001000000000003,133.441029812731,0.0001000000000003,272.01776658137607,-0.4999999999999999,3.6129208895882288,1.423386702744432,107,B0006
0.0001000000000002,0.0001000000000017,26.6613707575238,0.0001000000000017,203.51036270879305,-0.4999999999999999,3.6143690149241,1.4185649545312045,108,B0006
0.0001,0.0001000000000006,191.90761396478104,0.0001000000000006,46.597431590031846,-0.4999999999999992,3.61582715069875,1.4088410174660173,109,B0006
0.0001,0.0001,3.690832792994044,0.0001,118.89214580709675,-0.4999999999999999,3.6147178972277705,1.4081603597272636,110,B0006
0.000100000000078,0.0001000000006196,461.33227188540695,0.0001000000006196,778.1657148589914,-0.4999999999999789,3.609131037664429,1.4029487737719255,111,B0006
0.0001,0.0001,178.80360960298424,0.0001,310.88295337400325,-0.4999999999999999,3.606771396049475,1.3975309090226604,112,B0006
0.0001,0.0001000000000021,92.086001912043,0.0001000000000021,193.5847010678077,-0.4999999999999999,3.604306355623369,1.392575612277101,113,B0006
0.0001,0.0001000000000006,4012.843945516158,0.0001000000000006,3433.751200520035,-0.4999999999999999,3.6083038370417633,1.392289011630809,114,B0006
0.0001,0.0001,98.95606246965124,0.0001,384.515192504677,-0.4999999999999994,3.60646006145734,1.3873540071549118,115,B0006
0.0001000000000001,0.0001000000000015,98.76747934720872,0.0001000000000015,25.091344570667616,-0.4999999999999999,3.603287705019088,1.381820153936514,116,B0006
0.0001,0.0001,2203.3713196123394,0.0001,2332.628633472916,-0.4999999999999999,3.600915965793543,1.376966515956483,117,B0006
0.0001,0.0001000000000964,171.09207360104028,0.0001000000000964,90.14194497534388,-0.4999999999999723,3.605212439317109,1.3717724245843497,118,B0006
0.0001000000000011,0.0001000000000185,1060.3442534464386,0.0001000000000185,1307.6172526184496,-0.4999999999999998,3.603091104653029,1.3722182272420258,119,B0006
0.0001,0.0001000000000034,3238.9061567348717,0.0001000000000034,3522.170376834533,-0.4999999999999963,3.609168050277134,1.397823025934638,120,B0006
0.0001000000000562,0.0001000000003187,1224.1211432809885,0.0001000000003187,830.3478609986236,-0.4999999999999924,3.6178151382973462,1.4186954287420028,121,B0006
0.0001000000015563,0.0001000000089903,55.8343039520514,0.0001000000089903,48.869617623189015,-0.4999999999999526,3.607923727143672,1.3975811824988198,122,B0006
0.0001000000124546,0.0001000001767591,108.5260937466561,0.000100000176759,201.8657331682589,-0.499999999998644,3.606503442348649,1.3818832585823015,123,B0006
0.0001,0.0001,163.12631340834787,0.0001,2.7606675595449985,-0.4999999999999999,3.600602544579011,1.3761879415725535,124,B0006
0.0001,0.000100000000002,3146.211729536604,0.000100000000002,3239.770318800476,-0.4999999999999999,3.603047894373956,1.366177137829802,125,B0006
0.0001,0.000100000000008,3093.8333627988727,0.000100000000008,3927.121900093992,-0.4999999999999977,3.599458204440438,1.3610157911805718,126,B0006
0.0001,0.0001,3457.2084361128973,0.0001,3128.679691290408,-0.4999999999999999,3.597992340514472,1.3557976852675775,127,B0006
0.0001,0.0001,3290.1674473874223,0.0001,3930.0855183723575,-0.4999999999999999,3.596904269488067,1.3501111374066346,128,B0006
0.0001,0.0001,3625.119868923721,0.0001,3215.986072653692,-0.4999999999999999,3.5972491165726206,1.339544834193457,129,B0006
0.0001,0.0001,3317.5932669132485,0.0001,2950.3492149939707,-0.4999999999999999,3.5931808241220806,1.340387540884624,130,B0006
0.0001,0.0001,2812.6524277435938,0.0001,3131.988692721813,-0.4999999999999999,3.596192010407111,1.3348030975400214,131,B0006
0.0001,0.0001,3832.668108482557,0.0001,2856.554137745285,-0.4999999999999999,3.596984761395479,1.3292327761391745,132,B0006
0.0001000000000003,0.0001000000033138,2646.5759572895963,0.0001000000033138,3217.673309289048,-0.4999999999979043,3.599591485343728,1.3345708628231217,133,B0006
0.0001,0.0001000000000049,3443.880597373519,0.0001000000000049,3795.664118523757,-0.499999999999999,3.606744257728181,1.3610448744103023,134,B0006
0.0001,0.0001,3287.84288386634,0.0001,2972.113569332342,-0.4999999999999999,3.605630606116857,1.3396078896034227,135,B0006
0.0001,0.0001000000000001,395.48225021202165,0.0001000000000001,3218.725667232512,-0.4999999999999999,3.5983579348516326,1.3289378048694334,136,B0006
0.0001,0.0001000000000944,3251.14991280745,0.0001000000000944,2543.262970690917,-0.4999999999972602,3.5982791707058888,1.31883568119485,137,B0006
0.0001000000000002,0.0001000000031,2273.986367755578,0.0001000000031,2942.8795757107982,-0.4999999999983661,3.5951577230333176,1.3192635374534265,138,B0006
0.0001000000000001,0.0001000000029406,1531.35003508319,0.0001000000029406,2352.829503835801,-0.4999999999983081,3.5993564001229883,1.3139042229125062,139,B0006
0.0001,0.0001,151.84165962749904,0.0001,369.0666358050327,-0.4999999999999999,3.593787866374705,1.3084733983141863,140,B0006
0.0001,0.0001000000000004,200.65519416327092,0.0001000000000004,468.1139724867808,-0.4999999999999999,3.5925895041858213,1.2981995617977025,141,B0006
0.0001,0.0001,108.8424871754902,0.0001,785.9899455054924,-0.4999999999999999,3.594279981533384,1.2928905327245643,142,B0006
0.0001,0.0001,806.9605882151039,0.0001,38.81172644122255,-0.4999999999999999,3.594532906972023,1.2929192013424249,143,B0006
0.0001,0.0001000000000018,883.3036465038631,0.0001000000000018,74.22191417171368,-0.4999999999999999,3.594689828669895,1.2877751423356176,144,B0006
0.0001,0.000100000000007,1059.1772236993363,0.000100000000007,1389.7422622781164,-0.4999999999797799,3.593188286588251,1.2773704442070657,145,B0006
0.0001,0.0001,2865.29013395449,0.0001,4285.682204067577,-0.4999999999988414,3.592625641377368,1.2717686320386656,146,B0006
0.0001,0.0001,272.8727084082248,0.0001,286.5529904074641,-0.4999999999999646,3.587134960223902,1.2722526315430935,147,B0006
0.0001,0.0001000000000035,18.70959716446562,0.0001000000000035,308.2352919557857,-0.4999999999920408,3.5898277357032304,1.272175316451141,148,B0006
0.0001,0.0001000000000006,2465.584759078146,0.0001000000000006,774.6897668339644,-0.499999999992441,3.5919572138948914,1.2618205580252864,149,B0006
0.0001,0.0001,1183.3666550459686,0.0001,519.5071126677178,-0.4999999999999801,3.592424660074883,1.2671399171428372,150,B0006
0.0001,0.0001000000026618,2055.2093256865214,0.0001000000026618,2414.117374424293,-0.4999999999981308,3.605456634914345,1.3035304518009858,151,B0006
0.0001,0.0001000000000001,179.6261793166801,0.0001000000000001,136.3143156405929,-0.4999999999992239,3.599048816957532,1.277257216121202,152,B0006
0.0001,0.0001,851.3365913753734,0.0001,279.79630028391057,-0.499999999999595,3.598204066481775,1.261738719071713,153,B0006
0.0001,0.0001,522.3148079465002,0.0001,1954.5456828195524,-0.4999999999999954,3.5952521013825245,1.2510590563861026,154,B0006
0.0001,0.0001,487.6948216628343,0.0001,63.16920588614096,-0.4999999999999635,3.591022395090524,1.2459617170056256,155,B0006
0.0001,0.0001,4520.905965751518,0.0001,4798.191681622036,-0.4999999999999819,3.594928937248936,1.2354345105833215,156,B0006
0.0001,0.0001,4994.869538325112,0.0001,4310.61030027548,-0.4999999999999946,3.591250718235126,1.230002508380429,157,B0006
0.0001000000000036,0.0001000000120817,259.04596704963257,0.0001000000120818,48.17967188744535,-0.4999999999919247,3.5906168400198704,1.2246031154485175,158,B0006
0.0001,0.0001,380.08833919094513,0.0001,278.53511552121074,-0.4999999999999999,3.589103341569124,1.219827021661056,159,B0006
0.0001,0.0001000000009452,61.347350325065165,0.0001000000009452,2056.04165435369,-0.4999999999861056,3.591800035183692,1.2095179373734568,160,B0006
0.0001,0.0001,4667.8509495473645,0.0001,4391.302316505782,-0.4999999999999999,3.5916599433384384,1.2041987872151725,161,B0006
0.0001,0.0001000000000008,4853.912646743957,0.0001000000000008,4674.1743909165625,-0.4999999999999983,3.592295137496754,1.19857721560804,162,B0006
0.0001,0.0001000000000024,4608.5401294831045,0.0001000000000024,5290.604012110149,-0.4999999999999959,3.5900437887684884,1.193591876891355,163,B0006
0.0001,0.0001000000000029,639.8328085931781,0.0001000000000029,667.4744630111791,-0.4906119552634226,3.5875705392003923,1.1728232268198056,164,B0006
0.0001,0.0001,834.597085112789,0.0001,1324.5390751652662,-0.4999999999999998,3.5930428968187265,1.1782421199348374,165,B0006
0.0001,0.0001,1415.803141023143,0.0001,767.6390884513148,-0.4999999999999999,3.5884901202650004,1.1778149278647865,166,B0006
0.0001,0.0001000000000106,1010.4135311804832,0.0001000000000106,1031.5664216553464,-0.4999999646893759,3.5974047474139863,1.194046422599188,167,B0006
0.0001,0.0001000000000867,268.6802966089029,0.0001000000000867,560.2498297967393,-0.4999999993104245,3.6025651280478725,1.2047564083901483,168,B0006
0.100226922122225,0.0001000876479757,1590.1323153541298,0.0001000876390793,2085.6318894243823,-0.4999999999999865,3.592137584029909,1.9186612347965897,1,B0007
0.0971072263645104,0.0010446481197179,1690.664398864771,0.0012171396578492,1589.7250472857909,-0.4999999999999999,3.6028302038050555,1.908280113076892,2,B0007
0.1016243761803744,0.0001000000000009,1735.0854570470956,0.0001000000000009,1550.1864527495904,-0.4999999999999999,3.5984973187842906,1.908267521610272,3,B0007
0.1045249597811135,0.0001000000000283,1280.3555766935165,0.0001000000000264,1681.1547151095656,-0.4999999999999999,3.591343574347992,1.908442863004556,4,B0007
0.104187851358247,0.0001005140658058,3087.7477012095837,0.0001005140642548,2398.5841343520297,-0.4999999999999094,3.5914855556092378,1.90695542190214,5,B0007
0.0856224025982839,0.0001000000013187,2847.0774186801477,0.000100000001854,3236.5429195746224,-0.4999999999999993,3.636014787904272,1.8972443773358243,6,B0007
0.0897205748679255,0.000100000222503,657.177474713341,0.0001000002224958,61.10169889341714,-0.4999999999999999,3.628260725457821,1.896390765280511,7,B0007
0.0855177151684734,0.0001000000010007,2434.2805396626345,0.0001000000009975,2282.5048793446813,-0.4999999999999996,3.6363038066047775,1.8979314244807088,8,B0007
0.0808678284507002,0.0007082837013198,2827.620150878225,0.0007276974264742,2563.8277068768966,-0.4999999999996725,3.641380771572031,1.8970436571099056,9,B0007
0.0841395616045991,0.0008470188243247,2691.530200778508,0.0008222225164461,2773.391201066495,-0.4999999999999643,3.6325420253570697,1.8976295831686505,10,B0007
0.0780930631428104,0.0001000000005312,1134.6500198936783,0.0001000000005201,2641.7178163481963,-0.4999999999999999,3.6452058791255952,1.8974805126913896,11,B0007
0.0508355272700996,0.0001007484121855,3383.241152194621,0.0001007490872964,3762.3497817716952,-0.4999999999999999,3.702153103521145,1.887123268405786,12,B0007
0.0187696712264767,0.0009046852847794,2056.41647397211,0.0006155268586733,3037.886728826316,-0.4999999999999999,3.764574473570445,1.88660132345246,13,B0007
0.0251339216500842,0.0001000000009188,4262.546948109432,0.0001000000009531,1620.6907007315556,-0.4999999999999999,3.750477717890129,1.8863674119855065,14,B0007
0.0070900356202451,0.0001060953479922,0.1026696171970797,0.0001060951555084,3425.1856523809147,-0.4999999999999999,3.792752346695202,1.8756792253711447,15,B0007
0.0001,0.0001,2096.958614363181,0.0001,2529.9762760823187,-0.4999999999999999,3.805626779300487,1.8750728780895285,16,B0007
0.0001000000000101,0.0001000000000011,3306.963002763778,0.0001000000000011,2959.212340147679,-0.4999999999999672,3.8048878708988343,1.875198188564024,17,B0007
0.0001,0.0001,3040.800428954716,0.0001,2892.483355803867,-0.4999999999994615,3.810120525719252,1.864815711373332,18,B0007
0.0001000000001153,0.0001000000003144,169.37306621716257,0.0001000000003142,251.07807965354505,-0.4999999998536847,3.807512124666629,1.864705016338037,19,B0007
0.1069991651269533,0.0001000000001459,3388.4346016220006,0.0001000000000948,2315.327665012231,-0.4999999999999999,3.593568157848072,1.9083939022532823,20,B0007
0.0945193487311918,0.0001000000023795,2515.037557439187,0.0001000000014649,2792.581025062045,-0.4999999999999999,3.619703401589516,1.908979450191856,21,B0007
0.0712865945903784,0.0008087646205182,2506.767088859093,0.0008340217887507,2437.403320281868,-0.4999999999999999,3.667123588159536,1.8974403112376843,22,B0007
0.0301678159289435,0.000100000004352,957.9969874617487,0.0001000000047109,2567.2687598574685,-0.4999999999999999,3.745441347933352,1.8985200955608648,23,B0007
0.0652165750957713,0.0001,73.87857806449188,0.0001,2546.559996396076,-0.4999999999999999,3.671954736718203,1.8976323885515505,24,B0007
0.0001000000019188,0.0001000000031979,282.904764488697,0.0001000000031979,78.27650247502766,-0.4999999999695492,3.811080663183848,1.8870707584027335,25,B0007
0.0001000000000028,0.0001000000000003,3272.4778426504995,0.0001,3594.1685445238454,-0.4999999999707082,3.805954143886225,1.8870551979880443,26,B0007
0.0001000000000006,0.0001000000000444,2956.4726968026994,0.0001000000000444,2369.834334774152,-0.4999999999897468,3.810255236599855,1.8764127174148584,27,B0007
0.0001000000000438,0.0001000000001272,140.6155512467003,0.0001000000001272,418.96225340602257,-0.4999999999282368,3.806807412794488,1.8755289052835749,28,B0007
0.0001000000000129,0.0001000000000019,3198.693454124348,0.0001000000000019,2811.624921108309,-0.4999999999999635,3.803490138725707,1.8756893951171232,29,B0007
0.00010000000461,0.0001000000066016,64.62858393388927,0.0001000000066022,146.0018705768895,-0.4999999999367623,3.806622733118767,1.8655530857545863,30,B0007
0.0226192010133284,0.0001000000000299,4093.11570059897,0.0001000000000293,1227.734769742956,-0.4999999999999999,3.7680828747319226,1.9022770193471763,31,B0007
0.0001,0.0001,1895.422287905512,0.0001,1970.4296428133596,-0.4999999998124841,3.81319051556286,1.8817951544736429,32,B0007
0.0001,0.0001,2249.2053191145,0.0001,1876.7953414479769,-0.4999999999999999,3.811115607911359,1.8711644361038495,33,B0007
0.0001,0.0001,2711.5815539457462,0.0001,2493.845397413208,-0.4999999999999999,3.805909997431825,1.865959168722631,34,B0007
0.0001,0.0001,2976.596373613357,0.0001,1751.6588422760017,-0.4999999999997221,3.805677918322741,1.8559196087532448,35,B0007
0.0001,0.0001,2596.9854988046363,0.0001,2466.2705679887604,-0.4999999999933465,3.805833872179885,1.8561793768682644,36,B0007
0.0001,0.0001,1949.3715373678397,0.0001,2233.014568821696,-0.4999999998445824,3.801858352459319,1.8506701108607373,37,B0007
0.0001,0.0001,2295.0281177253937,0.0001,1894.235358948772,-0.4999999999999999,3.802767178254003,1.840123563215555,38,B0007
0.0001,0.0001,1850.0713621877687,0.0001,1801.788155885016,-0.4999999999966653,3.799268050532186,1.83548519455633,39,B0007
0.0001,0.0001,2051.2016919990847,0.0001,2030.1849578337324,-0.4999999999999999,3.8000756866092,1.8303360321878477,40,B0007
0.0001,0.0001,2007.038158617688,0.0001,2614.755262894917,-0.4999999999171043,3.799932805834673,1.8305705858248216,41,B0007
0.0001,0.0001,1981.3611043942756,0.0001,2264.0673755818043,-0.4999999999293927,3.799740611520293,1.8249715131228217,42,B0007
0.0001,0.0001,3528.5822253439246,0.0001,3774.189172432803,-0.4999999999147398,3.797074788469785,1.8294399227099367,43,B0007
0.0001,0.0001,2840.7793124041136,0.0001,2540.215977349184,-0.4999999999961651,3.7968325663287374,1.825098489521635,44,B0007
0.0001,0.0001,2430.304663343036,0.0001,3308.255860006312,-0.4999999999999999,3.7916063707972185,1.8146291124180665,45,B0007
0.0001,0.0001,1762.131485792331,0.0001,2197.9842960740584,-0.4999999999886523,3.7919614603663327,1.8047077810650924,46,B0007
0.0001,0.0001,1976.2530275065465,0.0001,2425.6713921635564,-0.499999999998656,3.789015876597304,1.7990996758849915,47,B0007
0.0001,0.0001,2554.651375667148,0.0001,1545.561980773174,-0.4999999999831518,3.806601964700224,1.8340789938432065,48,B0007
0.0001,0.0001,1864.6680764626249,0.0001,1390.2046562832588,-0.4999999999351501,3.808671320811081,1.8345391574412495,49,B0007
0.0001,0.0001,570.8755356972978,0.0001,1203.2772456663452,-0.4999999999999999,3.8023143809070463,1.8191365349318491,50,B0007
0.0001,0.0001,2081.18013186914,0.0001,2139.559663507045,-0.4999999999336131,3.797610171317647,1.809252781234285,51,B0007
0.0001,0.0001,2641.671734659402,0.0001,1529.2335241479686,-0.4999999999999999,3.792674576603112,1.7991194195783524,52,B0007
0.0001,0.0001,2662.2578978038778,0.0001,2717.3653931064746,-0.4999999999998863,3.789614779929052,1.794083467770628,53,B0007
0.0144376238555481,0.0001209402034402,1594.670663606404,0.0001209397496236,1353.5425239259432,-0.4999999999999999,3.759645809905912,1.789027000920329,54,B0007
0.0401722557716449,0.0001000000005586,2775.5879817684627,0.0001000000005242,47.79444229335235,-0.4999999999999999,3.7063389549994152,1.7788671327244494,55,B0007
0.0475415866030657,0.0001000000000026,315.83315504257524,0.0001000000000113,2195.448433210153,-0.4999999999999999,3.685744164555425,1.77378712754283,56,B0007
0.043126648046989,0.0001002586262462,0.1000313667528871,0.000100258620105,1994.866319916912,-0.4999999999999999,3.693306016031417,1.7684665684940029,57,B0007
0.0608158541313092,0.0001000000053968,1925.7504672037855,0.000100000005394,1522.0973569386947,-0.4999999999999999,3.657030430016301,1.7638918389524347,58,B0007
0.0582624668525373,0.0001,768.6573725978036,0.0001,1485.1503964386895,-0.4999999999999999,3.663023413159437,1.7583973112979536,59,B0007
0.0703065304626237,0.0001000000006166,2137.787006037952,0.0001000000006181,1223.5114131709583,-0.4999999999999999,3.6341539270658743,1.752678792356576,60,B0007
0.0601834608092823,0.0001001421897431,2762.342272853719,0.0001001421715466,36.93347670559423,-0.4999999999999999,3.654764832553732,1.742711334433675,61,B0007
0.0697857320464831,0.0001,1821.2023713502613,0.0001,2687.2415530849216,-0.4999999999999999,3.629505641154149,1.7381370159028735,62,B0007
0.0649963262920361,0.0001000000035864,1570.2256279816038,0.0001000000036082,2904.934326446732,-0.4999999999999999,3.641318915152361,1.7327570534503467,63,B0007
0.0699923385398597,0.000100000005657,3113.3160103303744,0.0001000000080701,2823.9277022867764,-0.4999999999999997,3.62653922958109,1.727907977334008,64,B0007
0.0683433083048642,0.0001000000049813,1083.315050156889,0.0001000000049024,2980.0182843339912,-0.4999999999999998,3.631986325926979,1.722840053752108,65,B0007
0.0593498870057833,0.0001013237533333,14.976170126302463,0.0001013076079221,0.1000026189064193,-0.4999999999863883,3.6476293297275104,1.7124471415465534,66,B0007
0.0586200640797727,0.0001001423690557,109.48976725454013,0.0001001423686486,50.11701631000752,-0.4999999999999999,3.6460261836079817,1.7065008008929918,67,B0007
0.0578056336826958,0.0003291015460021,2009.502638732168,0.0002292635519377,2735.1434229108218,-0.4999999999999395,3.645488106075861,1.7019642452986818,68,B0007
0.0560412347810772,0.0001000097663902,53.80343751795328,0.000100009772068,203.61775462260596,-0.4999999999999999,3.6485367739924346,1.6967667163969746,69,B0007
0.0565602316418903,0.0001000172886916,311.33242649569763,0.0001000172846688,2463.739444200828,-0.4999999999999999,3.645785351354615,1.6920549149132211,70,B0007
0.0552699267708607,0.0001000971432086,2195.2395958269053,0.0001000971790066,3402.2812355561277,-0.4999999999999999,3.646033412542481,1.6862540032445814,71,B0007
0.0519700652611475,0.0001000000000011,206.11920164692629,0.0001000000000011,34.860927830291736,-0.4999999999999999,3.651028501823205,1.6810736130215198,72,B0007
0.0535855272595977,0.0001000000000062,2303.802727904092,0.0001000000000058,1428.686953059888,-0.4999999999999999,3.645235323608025,1.6762738481047983,73,B0007
0.0539633970595694,0.0001000169809263,59.02910906329765,0.0001000051839235,306.74018681639114,-0.4999999999999999,3.6422314052186913,1.6714008303181835,74,B0007
0.0515046082425842,0.0001000389437338,2075.020297832128,0.0001000389410051,3081.1163944411587,-0.4999999999999999,3.64570258485567,1.666072109392837,75,B0007
0.0497576043647664,0.0003980302782427,2333.204762798725,0.0003636961037107,2707.213995739873,-0.4999999999984308,3.64489185621653,1.660577193446603,76,B0007
0.047901863630658,0.0001000000000061,4124.186251283265,0.0001000000000069,1815.522894654736,-0.4999999999999999,3.648279770435264,1.6603636514964892,77,B0007
0.0579633827445899,0.0001000392101936,1584.2504039415362,0.0001000392100426,3296.6895552935703,-0.4999999999999999,3.6322308138393855,1.665291960600614,78,B0007
0.044430089130441,0.0001002866496934,2858.8309794191064,0.0001002866925853,2383.645892475075,-0.4999999999999999,3.653093953126185,1.650432697651904,79,B0007
0.0473623390926448,0.0001000095348448,2344.7745832654523,0.0001000095350915,2598.76099907841,-0.4999999999999999,3.642114497232202,1.645441229378321,80,B0007
0.0431193651454781,0.0001018112526201,2669.160571319569,0.0001018108855371,2996.404937135373,-0.4999999999999999,3.6509135388555873,1.6406679116938254,81,B0007
0.0484102620789852,0.0001001983751217,1893.197143312584,0.0001001983843568,1825.862012993553,-0.4999999999999999,3.6403628697942496,1.639950606089022,82,B0007
0.0451734357830924,0.000101556053369,2682.3001706416503,0.0001015560953148,3240.88836250746,-0.4999999999999999,3.648570617789643,1.63559707277334,83,B0007
0.0399391495435653,0.0001000000007668,219.6453132187848,0.0001000000007423,57.99698477329989,-0.4999999999999999,3.656940934780842,1.6297094809012305,84,B0007
0.0431508854146161,0.0001004391692246,2070.709552596109,0.0001004391968119,1571.5728548888037,-0.4999999999999999,3.645552487453824,1.624853061419119,85,B0007
0.0450556909888874,0.0001003214117585,2025.994106277146,0.0001003213916491,1205.6673270650608,-0.4999999999999999,3.6359129524739258,1.620116469429901,86,B0007
0.0361027606082772,0.0001000000005673,12.801397172933475,0.0001000000028319,177.16597954095826,-0.4999999999999999,3.658087088861937,1.6151550239501749,87,B0007
0.0381705956863694,0.0017418331262016,430.8018484951631,0.0002974348589705,2548.3786112014386,-0.4999999999999999,3.6509019433158905,1.61467564794247,88,B0007
0.0498563162427365,0.0002867014661906,2610.387226333735,0.0003283911921842,1896.440583735856,-0.4999999999999983,3.626188395534863,1.6149016459350172,89,B0007
0.0598471463552077,0.0001000029044312,2046.687127166968,0.0001000029047077,1430.8603893040613,-0.4999999999999999,3.6385760928577775,1.7130494877529103,90,B0007
0.0639777320264183,0.0001000000041851,2751.529820832244,0.0001000000035291,2035.4724196231325,-0.4999999999999999,3.6161085858440862,1.6501733549982889,91,B0007
0.0625623171213209,0.000100000001084,1271.146947815977,0.00010000000109,2565.061164878367,-0.4999999999999999,3.613529775908249,1.639897258870362,92,B0007
0.0555207118609588,0.0001000000095233,3038.673487165488,0.0001000000075943,2663.537356328477,-0.4999999999999997,3.623577543058941,1.6297863894765012,93,B0007
0.0450777811999894,0.0001000000002254,2995.539044343476,0.0001000000002254,1108.273402433579,-0.4999999999999999,3.642304072799819,1.6190861925064264,94,B0007
0.0463851549808349,0.0001000000131462,2088.882414686969,0.0001000000129739,1727.652395602177,-0.4999999999999998,3.6364624442278086,1.6145800916699369,95,B0007
0.0455328344127773,0.0001000000158553,3026.238757181271,0.0001000000159485,1761.897321270109,-0.4999999999999999,3.6371623116618665,1.6095098788615283,96,B0007
0.0407770727530495,0.0001003238940786,2370.489743255416,0.0001003239185701,3309.078238515909,-0.4999999999999999,3.6452978151916566,1.6041418463480366,97,B0007
0.0399667922048108,0.0001002818479205,1676.4805576102654,0.0001002818578559,1962.333939032616,-0.4999999999999999,3.645735110639491,1.5994014141747523,98,B0007
0.038706932700527,0.0001001599339589,1595.2876264488953,0.0001001599380139,1666.8498900086397,-0.4999999999999999,3.646291413687696,1.594011315954446,99,B0007
0.0325791894959833,0.0001001734617991,30.73705127126968,0.000100173437508,330.5839047877541,-0.4999999999999999,3.658462187503618,1.5892445904713373,100,B0007
0.0438399517378657,0.0001000000000001,3134.3710873999557,0.0001000000000001,999.0672479928568,-0.4999999999999999,3.6309443423538976,1.5894268743526072,101,B0007
0.0395891785686208,0.0001000000000017,2631.0172175134485,0.0001000000000019,1607.0598449603883,-0.4999999999999999,3.639416938453788,1.583927544812024,102,B0007
0.0430401523837513,0.0001000000000019,1805.5981149544868,0.0001000000000019,96.59326161525746,-0.4999999999999999,3.632767462930727,1.5891867493152227,103,B0007
0.0539574709870098,0.0001000000014582,0.1000219226756371,0.0001000000014793,1090.6375293776466,-0.4999999999999999,3.619865240923916,1.5991652024350445,104,B0007
0.0525712429734659,0.000100000005148,175.90261985168604,0.0001000000048809,1660.342896645226,-0.4999999999999999,3.615902752216002,1.5894590316323496,105,B0007
0.0376845267222143,0.0001000000000007,713.0303595565292,0.0001000000000007,4380.637685054408,-0.4999999999999999,3.64628182054976,1.5785921714259843,106,B0007
0.050984337967002,0.0001000000025663,2296.262031276534,0.0001000000025334,1082.251485840898,-0.4999999999999999,3.611829830448566,1.574078506433353,107,B0007
0.0330679170503318,0.0001000000054258,395.38188197496265,0.0001000000041521,113.56529727001544,-0.4999999999999999,3.649490721263495,1.5681056655556247,108,B0007
0.0428961569633953,0.0001000000099195,2949.7316568473643,0.0001000000118031,1120.3442396324576,-0.4999999999999998,3.629173466339651,1.5691922181148217,109,B0007
0.0350077233002967,0.0001186991461225,2963.666517637005,0.0001187035925986,47.110636425856974,-0.4999999999999999,3.646099140275913,1.5634159057867374,110,B0007
0.0347810625179121,0.0001002823398572,3075.350916163288,0.0001002823062401,1952.5583288567343,-0.4999999999999999,3.642125481234699,1.5584536647054177,111,B0007
0.0327360614786593,0.0001000000000051,794.3069242261586,0.000100000000005,2363.8151381011453,-0.4999999999999999,3.6441170980319977,1.552956351398517,112,B0007
0.0361390068190061,0.0001005356641546,1888.4116244706229,0.0001005356103226,2832.83017892281,-0.4999999999999999,3.6374714864389017,1.553176290851119,113,B0007
0.0416931498396421,0.0001,65.4379415834403,0.0001,3295.263414844577,-0.4999999999999999,3.624255508334484,1.553248682481632,114,B0007
0.0383806860944268,0.0001743041256809,2293.525427644156,0.0001743014725681,2040.5228105765063,-0.4999999999997587,3.629140647628157,1.548071807584479,115,B0007
0.0337228023597063,0.0002721785153851,2190.584909991137,0.0002657453787926,1854.6714694093544,-0.4999999999999988,3.6363370686325145,1.5428569191351122,116,B0007
0.0321145211235741,0.0001000938118332,1407.360718155544,0.0001000938098349,2572.7902824175285,-0.4999999999999999,3.6375030769747942,1.5379547470029922,117,B0007
0.0349716634268431,0.0001000424563583,1595.4923690115695,0.0001000424488237,2706.3249576988487,-0.4999999999999999,3.632452903800648,1.5377827764219338,118,B0007
0.0386246284524433,0.0001,3249.075919049315,0.0001,2929.58119100987,-0.4999999999999999,3.6261557475380064,1.538163958178926,119,B0007
0.0532718356556596,0.000100000001247,1140.3341187014216,0.0001000000012612,689.8301028512744,-0.4999999999999999,3.60087142607428,1.55814222275976,120,B0007
0.0409096591148702,0.0005189176336711,1786.901302487788,0.0003603337396253,2073.2296393194897,-0.4999999999999925,3.633642596590615,1.5579854188751776,121,B0007
0.0450935927128101,0.0001000000071199,2306.8498027611267,0.0001000000070956,867.1885728743696,-0.4999999999999999,3.616124094688272,1.547871609976193,122,B0007
0.0342411064904407,0.0001000000123896,2313.960008650428,0.0001000000125453,1631.6320767182488,-0.4999999999999999,3.6349848715453272,1.5377903885728523,123,B0007
0.0322922926250424,0.0001029714466161,2050.4067965244017,0.0001029699408569,1312.3220943732706,-0.4999999999999999,3.636586669981269,1.5319256102752783,124,B0007
0.0282118298204663,0.00010000000018,782.7484091524677,0.0001000000001767,893.4621863804748,-0.4999999999999999,3.6429575917197856,1.527352878573096,125,B0007
0.0292774855322398,0.0001000361876418,83.73442604672346,0.0001000361898793,206.04979291336355,-0.4999999999999999,3.639811329696109,1.522023033110913,126,B0007
0.0246233063469099,0.0001002952096528,0.1000056008529242,0.0001002952248341,93.13288574476108,-0.4999999999999999,3.6473586955908734,1.517031671916364,127,B0007
0.0190719688163745,0.0001000000001178,399.98844178114064,0.0001000000001136,1197.345400677575,-0.4999999999999999,3.656320353607186,1.5113008716182812,128,B0007
0.0285988076719687,0.0001000000000001,375.6887884543351,0.0001000000000001,22.217614908008272,-0.4999999999999999,3.632527791041003,1.5117103689655047,129,B0007
0.0254561827517542,0.0001000633546035,2925.5427823217724,0.0001000632023037,3412.9002893176275,-0.4999999999999996,3.638952328379888,1.5067201146749063,130,B0007
0.0181244587379116,0.0001000000001275,177.5250622374086,0.0001000000001294,261.7613863858064,-0.4999999999999999,3.6539272432869327,1.5016383104263984,131,B0007
0.0221241501958406,0.0001070677898836,74.1031077240167,0.0001070676085028,93.7837713838729,-0.4999999999999999,3.641803727366713,1.50112505998119,132,B0007
0.0001000254033805,0.0034092357096927,177.28188380351813,0.0215506091564283,27.945244080359064,-0.4999999999999999,3.641908713545933,1.5061185824548111,133,B0007
0.0308622273587742,0.0001051480298345,378.70149486905103,0.000105146266132,13.444257096278893,-0.4999999999999992,3.637711959813466,1.5169736195764176,134,B0007
0.0265247274322447,0.0001000000000135,431.14604283263776,0.0001000000000145,318.68641024614715,-0.4999999999999999,3.6400566368132905,1.5062393310972662,135,B0007
0.0276126856535963,0.0001000000000027,261.21669236806315,0.0001000000000027,272.61830530288046,-0.4999999999999999,3.6309330696365696,1.5013188327391784,136,B0007
0.000100000000002,0.0010417692020941,300.79624721752674,0.023874597094922,1.8470055767014697,-0.4999999999999999,3.6328489484369806,1.4962564130513245,137,B0007
0.0001004243255826,0.0084269739825917,30.898598198257584,0.008396642333362,25.221845564818523,-0.4999999995550303,3.65384077403428,1.4911102308280852,138,B0007
0.0001146412847656,0.0116258150768163,52.26998083959293,0.0098473337151497,80.67452537358574,-0.4999999999999999,3.6433010018360257,1.491268166291176,139,B0007
0.0127666959723385,0.0023122037014912,398.9658842624829,0.003147520294226,305.5673122085743,-0.4999999999999999,3.6475194023056727,1.4859749964403752,140,B0007
0.0167664239260982,0.0001002629650001,55.36761076998814,0.0001002629725261,191.6559440525931,-0.4999999999999999,3.64533970624516,1.4808952224895795,141,B0007
0.0097909144972321,0.0001000000002627,1640.140789374137,0.0001000000002583,2830.4637459101623,-0.4999999999999999,3.657681326623007,1.475579741524336,142,B0007
0.0126841054098638,0.0001000000000082,2156.929494589165,0.0001000000000083,1251.011001016975,-0.4999999999999999,3.653411106806422,1.4758324924427404,143,B0007
0.0085050616522145,0.0008122047229891,938.6662893559492,0.0005815138669645,1392.9903922404376,-0.4999999999999999,3.659621113968981,1.471028148127554,144,B0007
0.0146667137127347,0.000100000003518,261.4778369448589,0.0001000000036682,861.7258486647414,-0.4999999999999999,3.642977502995141,1.4710165044750456,145,B0007
0.0001016782713827,0.005695846307563,23.016472925493865,0.0056823201855372,5.334166213662982,-0.4999999982609896,3.646066536737384,1.4655795579111408,146,B0007
0.0032991031993016,0.0001106938750458,2961.790775347578,0.0001106955525645,2031.802444030665,-0.4999999999999999,3.662828701112008,1.4604597632099678,147,B0007
0.0080223708001938,0.0001071979192553,1355.7580910027227,0.0001071951758718,1292.4283232941198,-0.4999999999999999,3.653794271811888,1.4610346439849382,148,B0007
0.012919092745065,0.0001000000170633,1344.3108295474735,0.0001000000172339,124.70822522573955,-0.4999999999999999,3.642452350565458,1.460503737230881,149,B0007
0.0153030341326978,0.0001000549489585,0.1000978784015842,0.0001000549513283,280.83457647975183,-0.4999999999999999,3.634906662008172,1.4660564130200893,150,B0007
0.021156999908168,0.0001529003116577,110.03433548014972,0.0001526436955663,664.5251057365447,-0.4999999999999954,3.6437926737439854,1.486113968236063,151,B0007
0.0243347931532233,0.0001,746.9711350852783,0.0001,45.55436209514427,-0.4999999999999999,3.628513001172,1.4760528767208856,152,B0007
0.0093576099155446,0.0010108332328821,1099.8455496515005,0.0008161147070692,1650.8048150996146,-0.4999999999999999,3.6548288279732906,1.466083051342928,153,B0007
0.0064315190031288,0.0001000001023409,1303.501573049287,0.00010000010293,1027.8051236044532,-0.4999999999998726,3.661133916689342,1.460671218647128,154,B0007
0.0053753632326886,0.0001,621.6606319836568,0.0001,1098.1937752946098,-0.4999999999999999,3.6603453964132897,1.4558164119732315,155,B0007
0.0115713623492917,0.0001000000000026,2297.305174125431,0.0001000000000026,716.474359499573,-0.4999999999999999,3.642252711850408,1.4560659407330832,156,B0007
0.0052462809157142,0.0001097208780418,2270.504221684555,0.0001097200145737,1262.883260437276,-0.4999999999999999,3.657136696921168,1.450444899631114,157,B0007
0.0001,0.0001,183.90989175884584,0.0001,132.91761472180733,-0.4999999999998462,3.6666994973484512,1.4449352246568183,158,B0007
0.0072487777322464,0.0001027332198386,1113.442743796803,0.0001027332597956,538.241834843665,-0.4999999999999999,3.647545261954272,1.445494859978346,159,B0007
0.0001,0.0001,246.3993094685086,0.0001,1.388547900452842,-0.4999999999999999,3.6645231669064704,1.4405514885052295,160,B0007
0.0084278294851634,0.0001025437098075,1655.137283318116,0.0001025462152379,39.2219387365343,-0.4999999999999999,3.642684532906841,1.4408520008518535,161,B0007
0.0001,0.0001,64.9183046960774,0.0001,73.8032948024595,-0.4999999999999996,3.6620394362737536,1.4350731993537147,162,B0007
0.003020182157988,0.0001000000083374,2570.9050371554085,0.0001000000084757,2362.6215844095072,-0.4999999999999999,3.6512327233659616,1.4352631509803029,163,B0007
0.0001,0.0001,629.0901919840397,0.0001,321.59100467148943,-0.4999999999999999,3.659236348280464,1.4304115565118,164,B0007
0.0026135601710304,0.0001136547204637,2765.9309017505257,0.0001136571868471,1902.001379392956,-0.4999999999999999,3.650405225661004,1.4305358410273104,165,B0007
0.0001000000019339,0.0001000000002733,1157.7088349680046,0.0001000000002733,1450.1964988826917,-0.4999999999999999,3.6586114511568257,1.4246832900573003,166,B0007
0.0197843945895674,0.000100000045845,1334.607329875366,0.0001000000336742,118.69183430372053,-0.4999999999999999,3.624401177292453,1.4459635870402705,167,B0007
0.0143233187779233,0.0001000000000022,1787.9868944373547,0.0001000000000022,1562.0140253265292,-0.4999999999999999,3.648384166903328,1.4566561495496175,168,B0007
0.0814105184967438,0.0003485781501823,2712.4487935933766,0.0003360097388398,2824.6141447376544,-0.4999999999999999,3.6217701048524864,1.8685276688831949,1,B0018
0.0861815328521605,0.000214771111122,2818.792613819958,0.0002310860721955,2707.5818855419075,-0.4999999999999814,3.619843983371896,1.856787475181781,2,B0018
0.0850437549283386,0.0001,2157.8417415816766,0.0001,3318.300950423189,-0.4999999999999999,3.62433525032412,1.8533108759676773,3,B0018
0.0840639079018643,0.0001,2244.6346816823466,0.0001,433.6813585704571,-0.4999999999999999,3.625721878901793,1.8445252332496316,4,B0018
0.0886708555816565,0.0001,4340.771163297107,0.0001,2183.794055000644,-0.4999999999999999,3.623156402553152,1.8466047724017376,5,B0018
0.0926407816291401,0.0001000000050103,2491.6975309527784,0.0001000000050582,3266.3193517647665,-0.4999999999999971,3.617509045915796,1.8425850371052623,6,B0018
0.0083872205606541,0.0546734971141938,21.67758980540975,0.0118104730769024,98.236838939751,-0.4999999999999999,3.6542060214890704,1.829726868994757,7,B0018
0.0776883716977852,0.0003791396871566,2556.094348800935,0.0003478117044291,2833.1517395447618,-0.4999999999999999,3.643900845005794,1.8237771204882245,8,B0018
0.0001005949153059,0.0784348172319806,0.4640375279229914,0.0001000034825458,27.907758814981054,-0.4999999999993705,3.641456187280575,1.8185033235229784,9,B0018
0.080080038918759,0.0002798070687148,3205.875495997909,0.0003735388293025,2467.225876088585,-0.4999999999999948,3.638593168998046,1.8374176632120625,10,B0018
0.0810002123858097,0.0001000000034227,1944.7036190879155,0.0001000000033927,2769.8140193689333,-0.4999999999999997,3.639462993829168,1.8264579328358743,11,B0018
0.0055231037600521,0.0574635667990792,16.200316713778488,0.0087918267878263,115.24188834968082,-0.4999999999999999,3.657009757524305,1.8134426442229556,12,B0018
0.0585266664657265,0.0001000067010249,1354.0199707541408,0.0001000067011165,606.1381636881523,-0.499999999999999,3.680526231244517,1.799611483812901,13,B0018
0.0561324417858093,0.000100000000243,21.13406105579961,0.0001000000002515,60.8844978955527,-0.4999999999999978,3.6813894044899937,1.792309438143801,14,B0018
0.0001005393992093,0.002628782905374,160.3537925803712,0.0637242129837364,10.107347407469693,-0.4999999999999999,3.66226127788996,1.795557441673998,15,B0018
0.0639918353568745,0.0013964459743508,825.018754842541,0.0017398398450136,651.8206685704547,-0.4999999999999999,3.6610712518203874,1.7859202513214545,16,B0018
0.0610359275619149,0.0001002661515426,2356.336577694686,0.0001002662401352,2065.2591997567406,-0.4999999999999912,3.672778124683659,1.7776285423549427,17,B0018
0.0001010036526754,0.0209662507713534,47.20746419919536,0.0226879450671558,43.90241931495783,-0.4999999999999999,3.704608339678764,1.7626767673780228,18,B0018
0.000100167954497,0.0023586953698431,15.063907826661694,0.0419133112298775,18.738819807346,-0.4999999999983802,3.696334961090201,1.7553039181196126,19,B0018
0.0500379193087321,0.0001000000085363,22.510687279601942,0.0001000002939182,87.2371857444431,-0.4999999999999994,3.681602750029733,1.7526965037023547,20,B0018
0.0001035260074632,0.0237148403758228,24.208499066933644,0.013608594431136,41.36700227548933,-0.4999999999999999,3.705922340031939,1.7406833830653934,21,B0018
0.0339504241394414,0.0001000000000038,472.0704716224143,0.0001000000000026,209.41945990104645,-0.4999999999999999,3.706764395051233,1.7237267469528357,22,B0018
0.0287650363178057,0.0001000000359639,207.91860678005605,0.0001000000345352,134.68791453957542,-0.4999999999999995,3.717422494750161,1.7206524040269149,23,B0018
0.0092459144446289,0.0052573347286517,201.2665551666981,0.0086439153114328,122.72235910440062,-0.4999999999999999,3.727386346374472,1.716779652801348,24,B0018
0.0434866086208903,0.0001000000001157,1520.6446923020887,0.0001000000000958,8.964781360664766,-0.4999999999999999,3.694693196910751,1.758502601587956,25,B0018
0.0473011649334636,0.0001000000002247,102.0998597192712,0.0001000000002296,357.0187136843963,-0.4999999999999999,3.687343017310716,1.748131265552032,26,B0018
0.000100450272558,0.0246344879615906,0.1730774427484685,0.0059129836011765,0.1861626361886689,-0.4999999999917722,3.722767697894615,1.731585376944569,27,B0018
0.0267785378225853,0.0001000000079472,87.306703330874,0.0001000000092802,378.5496884341407,-0.4999999999999935,3.726506999063375,1.7212537922175395,28,B0018
0.0120979631718967,0.0038554755168216,183.24114705438797,0.0138894260473737,58.715501640055,-0.4999999999999999,3.713802890263398,1.714838653945482,29,B0018
0.0001054700958477,0.0158375302403839,39.60983274538327,0.0011744248103415,194.8409164166828,-0.4999999999999999,3.739152960155178,1.7035634979741665,30,B0018
0.0115290422768834,0.000112527622511,468.8782086855494,0.0001125236565528,187.74394834746255,-0.4999999999999999,3.746938621280364,1.691474144975467,31,B0018
0.0001000405757454,0.0155394645559512,27.063674862464413,0.0001390061662504,121.00576355651752,-0.4999999999961887,3.736770970967567,1.686561632965223,32,B0018
0.0110628801681572,0.0001013250255637,0.1000245113410187,0.0001013264767635,76.45315629659518,-0.4999999999999844,3.743197710311068,1.6751345489881124,33,B0018
0.003927517181617,0.0001000000034894,1488.728445192347,0.0001000000035164,762.8423366787416,-0.4999999999999999,3.7523631047681887,1.6668405811280351,34,B0018
0.0049971192599309,0.0001000000073461,666.8679023981722,0.0001000000058316,1177.648058402142,-0.4999999999999704,3.748101587564932,1.6642464605471732,35,B0018
0.00589698026711,0.0001000000000363,459.1362885917271,0.0001000000000353,576.9734874535301,-0.4999999999999999,3.739528671276794,1.6552970045215123,36,B0018
0.0001000000028427,0.0001000000035009,315.1735775215674,0.0001000000035001,53.42976779202812,-0.4999999999999999,3.753495266268659,1.6374661693367498,37,B0018
0.0001,0.0001,611.4936978136391,0.0001,317.2999773234465,-0.4999999999999999,3.7477093841313343,1.6383630370281346,38,B0018
0.0001,0.0001,2513.1463639969925,0.0001,1663.6631687972256,-0.4999999999999998,3.744490485317577,1.6301857101174473,39,B0018
0.0352054792277757,0.0001000000001792,595.3259391495483,0.0001000000001785,434.6545511114459,-0.4999999999999999,3.689288118619666,1.6922687092426167,40,B0018
0.0001000864985903,0.0001000052797695,280.87224275444123,0.0064868677906037,85.03993405305636,-0.4999999999999999,3.744542704064656,1.6591630514075584,41,B0018
0.0082539001526844,0.0001000508297289,145.56919029039852,0.0001000508340738,210.50072455132928,-0.4999999999999999,3.733333209788404,1.6487116648599545,42,B0018
0.0001000040933634,0.0006082374307775,619.4242330434977,0.0010324365445069,144.48296090925191,-0.4999999999999273,3.7400214908788025,1.632827228879706,43,B0018
0.0001,0.0001,949.4981305058416,0.0001,807.1677435364361,-0.4999999999999999,3.7424212188133774,1.6209212074652777,44,B0018
0.0001000000000001,0.0001000000000001,852.308154141206,0.0001000000000001,840.3258198852134,-0.4999999999997433,3.737776442671192,1.6118919962560792,45,B0018
0.0948128561120784,0.0001130255378453,2081.065410502385,0.0001128855464328,1381.9702854673094,-0.4999999999999984,3.586543463941377,1.7424527604799764,46,B0018
0.000228051767648,0.0296802509271135,24.38021661379241,0.0452173791435922,18.08186589393951,-0.4999999999999993,3.627611512768516,1.7261904003344353,47,B0018
0.0020106937947532,0.0001000006486369,115.71927594599477,0.0510741803864223,2.4674545870637226,-0.4999999999999999,3.666769504586716,1.7054804083881598,48,B0018
0.0429303501108477,0.0001000000005789,42.99791680160073,0.000100000001178,59.67513527755304,-0.4999999999999999,3.680712700896723,1.6874803012857833,49,B0018
0.0315110597157308,0.0001000000063579,308.96091219823575,0.0001000000103018,55.49063464698354,-0.4999999999999999,3.698487497349824,1.6703509129762817,50,B0018
0.0332493112517358,0.0001000000028209,13.208667246129096,0.0001000000002814,147.37957906480722,-0.4999999999999984,3.700421820455434,1.6761065420639352,51,B0018
0.0001882526668709,0.0202208019384062,48.39795456698928,0.0173554199523437,55.73922017231639,-0.4999999999973247,3.684149535944505,1.66291476818168,52,B0018
0.0134416982416222,0.0001007187185821,96.37122112649388,0.0001007193011745,209.5452633357272,-0.4999999999999999,3.7283944818436967,1.635776290334115,53,B0018
0.0001059823774511,0.0091490609819245,130.9321034256802,0.0133625441842675,90.44734887626826,-0.4999999999999999,3.702499924668507,1.6283311285338316,54,B0018
0.0023955469307386,0.001975973317556,411.5128096952184,0.007644675708214,105.22703537634386,-0.4999999999999999,3.721493906620832,1.6220119318658404,55,B0018
0.0350955405488887,0.0001000000028671,110.1475477713092,0.0001000000032096,145.15879421469575,-0.4999999999999998,3.688623155860412,1.6837054017015065,56,B0018
0.0282747431526303,0.0001000000010937,31.19532738084738,0.0001000000010471,125.65991905718631,-0.4999999999999999,3.701099650927704,1.6504307003262306,57,B0018
0.0135963486521745,0.0020146905903456,374.720142409417,0.0102874234172653,74.15111854602894,-0.4999999999999999,3.697008998159845,1.629717733177143,58,B0018
0.0172604136370745,0.0001000241476037,390.13591379675984,0.0001000241474776,7.946351618700888,-0.4999999999999999,3.706086387348075,1.6085508608661394,59,B0018
0.0019670265147848,0.0001000000153267,565.1507347988545,0.0001000000154361,251.91859413755776,-0.4999999999999999,3.7333073486339887,1.5966581270373927,60,B0018
0.0001,0.0001,296.1324779746869,0.0001,273.60366243845624,-0.4999999999999999,3.735801737876852,1.590110957571771,61,B0018
0.0041041429112619,0.0001000000000042,246.88487997487465,0.0001000000000041,797.3107056386996,-0.4999999999999999,3.7220710103394175,1.5808552003086351,62,B0018
0.0001000000000003,0.0001000000000003,910.539596220433,0.0001000000000003,922.8183432687448,-0.4999999999990494,3.7294726662229993,1.5657704217955233,63,B0018
0.0001000000000003,0.0001000000000004,743.250795779529,0.0001000000000004,860.766635943153,-0.4999999999987518,3.7236884090450015,1.5569743026173335,64,B0018
0.0001,0.0001,3402.7583306897395,0.0001,2915.324471122887,-0.4999999999998961,3.718998483991548,1.548974079830292,65,B0018
0.0001,0.0001,410.03367103925575,0.0001,684.8583408982613,-0.4999999999999604,3.717396226646071,1.5484615071466388,66,B0018
0.0001000020434052,0.0001000016362344,866.8705193793317,0.0001000016362288,173.60047960216667,-0.4999999999997938,3.717756379974273,1.5325312328989733,67,B0018
0.0001000033417638,0.0001000023620845,524.7464644741804,0.0001000023620793,665.1769341550267,-0.4999999999999356,3.708730371649363,1.5235066310114929,68,B0018
0.0001000008229446,0.0001000005912014,181.6745747081167,0.0001000005912002,300.06206610885704,-0.4999999999999954,3.706334723546842,1.5184426842451797,69,B0018
0.0001000036481416,0.0001000027046198,98.70562305377246,0.0001000027046278,387.9765613437873,-0.4999999999999587,3.7013853899725966,1.5133900391433417,70,B0018
0.0001,0.0001,377.2570013247299,0.0001,216.42152650963615,-0.4999999999992554,3.714466205482085,1.550698501022955,71,B0018
0.0001,0.0001,3516.0634324894736,0.0001,3120.822042147242,-0.4999999999999999,3.715220423027778,1.534249090124632,72,B0018
0.0001,0.0001,3803.057680906716,0.0001,898.9654209508533,-0.4999999999999988,3.7042403709835736,1.5183768305986294,73,B0018
0.000100000002671,0.0001000000020215,277.3534967562924,0.0001000000020215,24.560708568100125,-0.4999999999999999,3.704716382732968,1.5096010436591076,74,B0018
0.0001000000000491,0.000100000000041,411.6315621726833,0.000100000000041,317.0488038702758,-0.4999999999999999,3.701853122232888,1.500569701430284,75,B0018
0.0001000000000078,0.0001000000000064,50.1498135369269,0.0001000000000064,765.7437761559265,-0.4999999999999999,3.699559710889947,1.4980676096761725,76,B0018
0.0001000000001144,0.0001000000001048,803.4349493446018,0.0001000000001048,152.85254416447958,-0.4999999999999999,3.699306011705138,1.484141071991686,77,B0018
0.0001000000000087,0.0001000000000068,91.86720353396862,0.0001000000000068,818.2132270688385,-0.4999999999999999,3.6936841573557353,1.4855137202884467,78,B0018
0.0001000000001606,0.0001000000001348,990.5211196998848,0.0001000000001348,815.6719485008914,-0.4999999999999999,3.6895647819437807,1.475514336578935,79,B0018
0.0001000000002214,0.0001000000001991,12.639270941822588,0.0001000000001991,1052.4548587156585,-0.4999999999999999,3.683877367731816,1.4653796800291683,80,B0018
0.0001000000000779,0.0001000000000738,1949.354427844554,0.0001000000000738,854.4454366808591,-0.4999999999999999,3.687657824761881,1.4703012779583515,81,B0018
0.0001000000001397,0.0001000000001417,281.29567050328933,0.0001000000001417,133.48648047313796,-0.4999999999999999,3.685641810495381,1.4531734031984378,82,B0018
0.0001000169942437,0.0001000172219073,196.03104697311127,0.0001000172218287,49.251208068428646,-0.4999999999999999,3.686256689484927,1.4499567488415788,83,B0018
0.0001000000001709,0.0001000000001628,1137.4335955520903,0.0001000000001628,532.2559263600973,-0.4999999999999999,3.683139842675621,1.44632484784763,84,B0018
0.0001000000000092,0.0001000000000081,720.1972930880754,0.0001000000000081,282.91115438690025,-0.4999999999999999,3.681821574106182,1.4356540034119742,85,B0018
0.0001000000387514,0.0001000000054181,315.389884703406,0.0001000000054181,91.56961753251956,-0.4999999999999999,3.6893285705805754,1.487576745413541,86,B0018
0.0001000012797047,0.0001000009070862,102.12687390014167,0.0001000009070848,95.2841137702323,-0.499999999999995,3.6842436932305898,1.47038308104717,87,B0018
0.0001000000014098,0.0001000000012549,848.824849544429,0.0001000000012549,121.13219909208254,-0.4999999999999999,3.6825158753949623,1.4536810849575432,88,B0018
0.0001000000003034,0.0001000000002583,1744.7514889575175,0.0001000000002582,111.0136029973632,-0.4999999999999999,3.6728169750401953,1.4462893823056984,89,B0018
0.0001000018149717,0.0001000016888218,268.90245500398373,0.0001000016888147,221.7157934869809,-0.4999999999997079,3.675089216994846,1.4264176048518038,90,B0018
0.0001000000000045,0.0001000000000037,562.0354133018877,0.0001000000000037,13.467030576987838,-0.4999999999999999,3.6843808078118254,1.4655128975864355,91,B0018
0.0001000000003197,0.000100000000263,1592.012886038056,0.000100000000263,357.1575318132446,-0.4999999999999999,3.677130514874323,1.4463198777324933,92,B0018
0.0001000000003677,0.0001000000003097,387.0360348812135,0.0001000000003097,626.4005537591836,-0.4999999999999999,3.674452159571678,1.437810954295102,93,B0018
0.0001000000016594,0.0001000000014439,231.7056883213881,0.0001000000014439,1131.087098784553,-0.4999999999999999,3.6726048311737087,1.433741419718993,94,B0018
0.0001000000003676,0.0001000000003207,725.5913744635798,0.0001000000003207,729.1473353176306,-0.4999999999999999,3.665160810111711,1.4238717148442503,95,B0018
0.0001000000002119,0.0001000000001858,29.19592411703184,0.0001000000001858,1359.1787036238532,-0.4999999999999999,3.666779132047045,1.4266178152637663,96,B0018
0.0001000000003139,0.0001000000002861,832.5279186782246,0.0001000000002861,1650.554824164191,-0.4999999999999999,3.664328771060645,1.415045512355854,97,B0018
0.0001000000003295,0.0001000000003528,308.24560891895254,0.0001000000003528,335.3554963698514,-0.4999999999999999,3.667133980706915,1.4047040699628586,98,B0018
0.0001,0.0001,896.7765821082131,0.0001,604.2177847932811,-0.4999999999999999,3.666458342042049,1.4005339859991692,99,B0018
0.0001,0.0001,661.943302062643,0.0001,698.0135837459405,-0.4999999999999999,3.659724487399496,1.3971185426968138,100,B0018
0.0001000000004345,0.0001000000004902,404.9133101473077,0.0001000000004902,246.9011610763572,-0.4999999999999999,3.664277999293144,1.3961170643407488,101,B0018
0.0001000000005546,0.0001000000005489,285.01355570683427,0.0001000000005489,266.61421602232195,-0.4999999999999999,3.654360685560096,1.3888555006503245,102,B0018
0.0001,0.0001,415.1912004680369,0.0001,762.1853701976422,-0.4999999999999999,3.6587178291569353,1.3845597754906631,103,B0018
0.0001,0.0001,2936.426174987966,0.0001,3237.5677335853,-0.4999999999999999,3.658351365424749,1.3791885086643705,104,B0018
0.0001000000002692,0.0001000000002859,470.4646193363162,0.0001000000002859,387.7138069678042,-0.4999999999999999,3.650720378716689,1.3752982553116473,105,B0018
0.0001,0.0001,2955.157911260668,0.0001,3028.481892438964,-0.4999999999999953,3.686272030536454,1.4717278734960382,106,B0018
0.0001,0.0001,2947.258418015236,0.0001,3016.5065077939203,-0.4999999999999999,3.6852982415134337,1.4614303196983554,107,B0018
0.0001000036310508,0.000100002411271,299.2110849443874,0.0001000024112741,158.05818784012718,-0.4999999999999858,3.6849404682378593,1.4494867113731604,108,B0018
0.0001000000262052,0.0001000000202349,65.95705089374195,0.0001000000202348,303.0163691988996,-0.4999999999999999,3.681124957778581,1.4404152734388345,109,B0018
0.000100000000419,0.000100000000353,69.80445358419831,0.000100000000353,791.3792853189891,-0.4999999999999999,3.6759722816353153,1.4262208080269578,110,B0018
0.0001000000005533,0.0001000000004666,366.7968481709248,0.0001000000004666,585.9372673897008,-0.4999999999999999,3.672665296632604,1.4259309587919566,111,B0018
0.0001000000008022,0.0001000000007175,131.77239765582806,0.0001000000007175,1094.978616876896,-0.4999999999999999,3.671488341137519,1.4102764228329383,112,B0018
0.0001000000006476,0.0001000000005074,460.1961610149481,0.0001000000005074,815.2879670826806,-0.4999999999999999,3.66780287391761,1.4142125426377825,113,B0018
0.0001000000006437,0.0001000000004979,317.0094557266148,0.0001000000004979,187.83589664619217,-0.4999999999999999,3.668541392335462,1.4089576133203328,114,B0018
0.0001000000010476,0.000100000000945,281.20404637688074,0.000100000000945,1779.5756663948962,-0.4999999999999999,3.6673778275299673,1.3975549065278086,115,B0018
0.0001000000003324,0.0001000000002766,126.65517072376292,0.0001000000002766,154.11866327305847,-0.4999999999999999,3.661196252051427,1.4072322562346335,116,B0018
0.0001000000003693,0.0001000000003622,81.22164906575755,0.0001000000003622,69.27453755384165,-0.4999999999999999,3.660030775172205,1.3877211092397208,117,B0018
0.0001000000004306,0.0001000000003948,1733.6203486868685,0.0001000000003948,216.62680108158983,-0.4999999999999999,3.652262223119517,1.3837976168563093,118,B0018
0.0001000000003124,0.0001000000002981,2622.132483114655,0.0001000000002982,981.0883567655234,-0.4999999999999999,3.649945991463005,1.3781091562564942,119,B0018
0.0001000000002337,0.000100000000245,281.2831563506167,0.000100000000245,158.48874211009473,-0.4999999999999999,3.644695821474604,1.3657649563295686,120,B0018
0.000100000000014,0.0001000000000109,695.9917908891251,0.0001000000000109,398.25948751619023,-0.4999999999999999,3.675096490830347,1.438510816436743,121,B0018
0.0001000000009886,0.0001000000007576,1375.355708409902,0.0001000000007576,357.2372586277577,-0.4999999999999999,3.671253055350282,1.4180955046498755,122,B0018
0.0001000000002251,0.0001000000001636,24.049856614596123,0.0001000000001636,335.118532369567,-0.4999999999999999,3.664989306199208,1.4127323683091475,123,B0018
0.0001000000012609,0.0001000000010696,305.95551153820287,0.0001000000010696,1384.1015278788173,-0.4999999999999999,3.666698102284823,1.399914051011675,124,B0018
0.000100000001116,0.0001000000009467,1581.3481644028932,0.0001000000009467,552.5689889262474,-0.4999999999999999,3.658657714085862,1.389601350100692,125,B0018
0.0001000000006825,0.0001000000006249,568.0748887685704,0.0001000000006249,107.94383177753,-0.4999999999999999,3.662027971044637,1.3914392566722555,126,B0018
0.0001000000008024,0.0001000000006195,1258.581133041045,0.0001000000006195,591.6673297195803,-0.4999999999999999,3.6546542496248713,1.388301014125375,127,B0018
0.0001000000016476,0.0001000000012807,841.4185544797951,0.0001000000012807,919.6908029047928,-0.4999999999999999,3.657449361249451,1.3821490604790951,128,B0018
0.0001000000014192,0.0001000000012967,43.82582794273687,0.0001000000012967,190.87897563196003,-0.4999999999999999,3.664030984489547,1.3752487691432111,129,B0018
0.0001,0.0001,262.5657911935059,0.0001,238.4235969023744,-0.4999999999999999,3.652759618855733,1.363688879697047,130,B0018
0.000100000000803,0.000100000000648,61.60713360727351,0.000100000000648,144.24389561076964,-0.4999999999999999,3.648093462079083,1.3743824908836997,131,B0018
0.0001000000008647,0.0001000000007924,229.67575452782503,0.0001000000007924,19.5115063204226,-0.4999999999999999,3.6473128383152686,1.3606817861369576,132,B0018
